,MB,ME,RMSE,NMB,NME,R,Om,Mm,Ostd,Mstd,aqs
o3,13.662234977134148,26.50814814481707,31.66158236576513,23.070495636841024,44.76252363828253,0.7057917149437962,59.21951219512195,71.9728608913649,39.525900103581755,22.6284357190305,Americana
o3,2.556599582701068,23.500834092564492,28.0701880656244,4.000092891569125,36.769746829221965,0.6336946077007349,63.91350531107739,65.41819266713092,34.7256304045734,14.328037775835249,Araraquara
nox,-14.409087874785275,14.659991306079755,20.480988156972646,-73.55719773222674,74.83803892549328,0.31957448969159796,19.588957055214724,5.181454413842618,15.292631504318605,3.3505718573247987,Araraquara
tc,1.839368386331941,2.1755856889818688,2.968568387705324,7.985970540682924,9.445722428440806,0.9017796252724696,23.03249651324965,24.87263671030641,5.382564552418439,4.692786283451509,Araraquara
ws,1.6299931713082287,2.0098248229456064,2.594797037687276,78.38397745325287,96.64952367887322,0.09993416715604714,2.079497907949791,3.7072264582562675,0.8966952198957489,1.9019167955235188,Araraquara
rh,-5.197054710599723,9.944230883542538,13.857056463707218,-9.142470748074,17.493531437999902,0.8310445783179853,56.84518828451883,51.62062342130919,22.78273064191843,21.090888413975193,Araraquara
co,-0.47327572231392934,0.47327572231392934,0.5299178925331062,-74.3211304058113,74.3211304058113,0.016170487073198608,0.6367983367983368,0.16978356683704737,0.2334464135454387,0.05781152070870796,Campinas-Centro
o3,9.34283760233918,21.152920114035087,26.901816484598545,15.481614710015021,35.051594936770194,0.7122693456287663,60.34795321637427,68.41381900139277,35.56630718305032,21.98184841845935,Campinas-Taquaral
nox,-6.506077313592105,10.989281261995615,17.067790023530367,-36.9983112944546,62.493085992725305,0.25521964585710244,17.584795321637426,10.938678676311978,15.94656532419647,7.44823343784441,Campinas-Taquaral
tc,1.3653702542016788,1.8510946267507007,2.521495846253967,6.313953118523316,8.560113753238344,0.9119672681512417,21.62464985994398,22.99177776810585,5.169167161924369,4.650991933925669,Campinas-Taquaral
ws,1.8489387767605594,2.1638369122744057,2.630641832035098,108.74321176143783,127.26358413064078,0.3741211720049721,1.7002797202797204,3.5386640311055717,0.8589453047155674,2.018992019393492,Campinas-Taquaral
o3,25.513915011644833,26.37529709898108,31.165957620555915,55.46854307911392,57.34123135126583,0.723378798619851,45.99708879184862,70.2198154805014,24.90290164745767,23.552484857939266,Campinas-V.União
nox,-14.56020127678894,16.824234419129546,25.208792935279543,-58.12911597602278,67.16788148501858,0.26292496088172185,25.048034934497817,10.376240300548746,21.250875984248346,7.411011241576223,Campinas-V.União
tc,1.866654300557876,2.2405333047419806,2.834810084510527,8.642699334228778,10.373777134536157,0.9139535967826998,21.598047419804747,23.465784782033428,5.24317290425306,4.613760460448246,Campinas-V.União
ws,0.7518450244986048,1.378468709587866,1.7258277089496779,27.70443429774386,50.79463792653407,0.5378039939407155,2.7138075313807533,3.464823169589833,1.2383723466911494,1.8166388929584991,Campinas-V.União
rh,-8.24690616317993,11.325339959553695,14.726099417620809,-12.709364253627085,17.4535599161741,0.8122744670356569,64.8884239888424,56.62423377158775,20.504430435512877,19.10093525597155,Campinas-V.União
o3,19.09714998950996,26.907160954747322,34.27986830158978,44.41830433891363,62.58370829367765,0.5876486473844694,42.99387442572741,59.770648582465185,29.97785418539649,33.2172806969578,Capão Redondo
nox,-7.14921981174189,19.359454954647394,28.608673493362698,-22.579165426188247,61.14238301414318,0.3673712347341679,31.662905500705218,24.847238308837046,27.3177689532965,21.534249230646406,Capão Redondo
tc,1.7858459964936877,2.0839675280504912,2.7875038367350946,9.63568954935866,11.244230561126036,0.8830745144591149,18.533660589060307,20.34277067339833,4.42714306415335,4.424941011203355,Capão Redondo
ws,1.2912737206353446,1.475836125704067,1.8397504200135035,72.16477212831165,82.47931945657628,0.45500821256269,1.7893408134642352,3.0699896525250696,1.027773713633431,1.4079075616842944,Capão Redondo
rh,-10.469467215988786,12.952106621318372,16.90500060696427,-12.960050913226153,16.03328591444147,0.7203244596004302,80.78260869565217,70.30784534122563,17.557741992047447,17.909596406469642,Capão Redondo
o3,17.48788407452693,27.290243222998548,34.549280580285576,37.91037316335868,59.160004714903295,0.6671835306409142,46.12954876273653,61.93626717562674,35.04935025911573,38.035024422757424,Carapicuíba
co,-0.25759869768995636,0.2772636666564774,0.364117639822329,-52.66973372410714,56.690517557440465,0.07696354768893006,0.4890829694323144,0.2333383026086351,0.24040818747409726,0.11349649640586328,Carapicuíba
nox,-15.693548389361517,26.180876987542273,35.88208245805378,-38.84737919063977,64.80742472288817,0.10138303865435763,40.39795918367347,25.087780216548747,27.817663798145468,19.65343226793017,Carapicuíba
tc,2.346118012552303,2.502255560669456,3.152103195338216,12.45145461072703,13.280116929932346,0.8898484290946724,18.842119944211994,21.189189094707523,4.474581840842534,4.497980824097709,Carapicuíba
ws,0.4630888504006969,1.16381632184477,1.525229409663248,17.223503773072935,43.28541875519763,0.3918952664171576,2.6887029288702933,3.1492046272107244,1.1619662189701225,1.4419410287205818,Carapicuíba
rh,-10.326579295676439,12.450645828451881,16.250855470032615,-13.57788662412206,16.37071218022776,0.7507126287816626,76.05439330543933,65.70025091225627,17.457885424447586,18.07399123955994,Carapicuíba
co,-0.20810156002698643,0.28051788422488755,0.3824845762787437,-43.74526963063347,58.96798889946424,-0.06354919102232424,0.4757121439280359,0.27107487611699166,0.2823819127389241,0.13583636265967944,Cerqueira César
nox,-21.893866098908305,38.20911972583698,52.07420823014598,-41.579825316387456,72.56500594805662,0.04531551278616207,52.65502183406114,30.99757340115599,42.592742920898644,22.463903723970517,Cerqueira César
o3,17.174490542962957,26.43013652308642,32.64987680979866,39.89199896709442,61.39052429192057,0.672425911489224,43.05246913580247,58.529376556323115,35.14358464744468,37.60398496169106,Cid.Universitária-USP-Ipen
nox,-6.395472793770015,23.280269726200874,36.70571752405488,-17.854721266742526,64.99327577170025,0.2957748830643879,35.819505094614264,29.74449623465181,35.865671370338106,22.24901792412856,Cid.Universitária-USP-Ipen
co,-0.4795423002078104,0.49867476704184094,0.6082970559970985,-63.93302886742283,66.48378727575306,-0.02973033056648327,0.7500697350069735,0.27095614650557104,0.3456685218150654,0.13461624190607072,Congonhas
nox,-74.3669300682739,78.12589769092725,93.55928637876526,-70.49999050356347,74.06349892668875,0.04618847692579338,105.48502139800286,31.38967395536212,53.123724760824395,22.773095695002002,Congonhas
o3,39.31520719402985,39.83425625373135,44.248478442680074,176.34268666108787,178.67080629288705,0.4128318244399627,22.294776119402986,63.97238615738162,20.700057581442074,22.201333989354808,Cubatão-Centro
nox,-35.65565021790902,36.16500422967613,47.646435978833104,-74.66981161317939,75.73649719795,0.3852971464051509,47.751091703056765,12.176585002146934,33.76048453239142,7.49730689295319,Cubatão-Centro
ws,0.8132323533556487,1.1159002792691772,1.5284007126062202,69.15175490464894,94.88857924999999,0.48314206169380874,1.1760111576011159,1.994222191303621,0.92908270968713,1.4615841393627274,Cubatão-Centro
o3,47.24346927510918,47.83150792430859,52.06310060916956,232.31166983036294,235.20324918760292,0.47205610599004044,20.336244541484717,67.06710984540389,21.4174572371631,20.99688641096411,Cubatão-Vale do Mogi
nox,-107.98217325634022,107.9977285935642,126.95635237112928,-93.19706205521481,93.21048752800199,0.25006617388100305,115.86435331230284,8.035039243599723,67.9624737824493,5.29992792996296,Cubatão-Vale do Mogi
tc,-0.725726460648147,1.8196852538580246,2.3667813594757416,-3.381102226647877,8.477769789629587,0.7974788552638282,21.464197530864197,20.846908552228413,3.4328599795851678,3.63022879124579,Cubatão-Vale do Mogi
rh,-4.295545517531565,10.246958067321179,13.765574693000872,-4.958993465131718,11.829602988941241,0.4889442492843182,86.62131837307153,82.2912363454039,13.634152217370083,12.194415633074804,Cubatão-Vale do Mogi
nox,-119.53598693815599,119.53598693815597,143.23950254095976,-92.04571551676433,92.04571551676433,0.19241304643541213,129.865889212828,10.423622438290252,79.98152762833985,6.5279424048543335,Cubatão-V.Parisi
ws,0.23238774433821474,0.8848203736255229,1.2634766590067306,13.83329287592362,52.67050293810709,0.516093716036329,1.6799163179916319,1.9180876235243731,0.9914091848265735,1.4265418139295083,Cubatão-V.Parisi
o3,17.178088776866765,25.424965299267935,31.758730287706104,41.016027388918026,60.70704876560041,0.6196358697932549,41.881405563689604,57.461998685933146,30.61278827929004,31.186436701993077,Diadema
o3,17.767741529136167,24.314928694289893,31.841559653770574,38.335125929997474,52.461133112838,0.4837165034939674,46.348462664714496,62.77898594387187,25.41356075432524,26.974077509034693,Grajaú-Parelheiros
co,-0.23479454288888885,0.251346787254386,0.37638329039447366,-55.6863617669903,59.612067434812765,0.36592211398756386,0.42163742690058476,0.18931545893314763,0.31576388606845657,0.10008431853541065,Grajaú-Parelheiros
nox,-20.921496970815788,26.038957433032163,38.393852571942,-56.62289371280813,70.47302213506114,0.3752603313618185,36.948830409356724,16.32586894781476,34.57224932264922,16.578450886353423,Grajaú-Parelheiros
o3,19.138669500727794,24.083316735080057,30.672500453156232,38.87259326809367,48.91567702518921,0.500394321559867,49.23435225618632,67.53901971448468,27.504499215480976,16.922961133460923,Guaratinguetá
nox,-10.022096586999563,10.434970742478457,15.373725139102197,-65.34289034135618,68.03478124781911,0.2989522217467882,15.337700145560408,5.252428851719081,12.223838820897702,3.4071935213109734,Guaratinguetá
tc,1.9616058158995813,2.467153594142259,3.0900324708409483,9.202005770589619,11.573559492031087,0.877185312588575,21.31715481171548,23.279304484679667,4.918156845194429,4.6740179088429725,Guaratinguetá
ws,0.7713324710655511,1.3295832059218968,1.6593794971057283,37.50986040111232,64.65756637588171,0.3716647401968499,2.0563458856345886,2.8272899722200555,0.9688757135734499,1.5220622742046548,Guaratinguetá
rh,-12.923759566945606,15.043525098326361,18.532443051393862,-18.073249223732716,21.037638227262974,0.7556960589539332,71.50767085076708,58.56368543523676,19.461723205465294,18.472595593628434,Guaratinguetá
o3,14.993131284173671,22.436971480532215,29.499443717717238,29.81920818077995,44.62394884986073,0.5662895536552023,50.280112044817926,65.37686204303621,28.04614454484512,26.465913306597045,Guarulhos-Pimentas
co,-0.2646588445482516,0.27443637873006993,0.3372463069722188,-59.84537439974701,62.05629689816573,0.15616253190363774,0.44223776223776223,0.1775518836601671,0.20898721892895192,0.06629616022162148,Guarulhos-Pimentas
nox,-9.892037586716311,14.466181649080376,21.252199075843333,-43.75085632769762,63.98154368006064,0.003259360111960357,22.609929078014183,12.749598884669918,15.665992260373015,9.661004987232625,Guarulhos-Pimentas
tc,2.0304445342178745,2.3634561990223464,2.9871584442611328,10.819849710487926,12.594405037807746,0.8875873153801753,18.765921787709495,20.807091096796658,4.703602025708798,4.510847919026186,Guarulhos-Pimentas
ws,1.010621264054394,1.4333331632817294,1.8618688146944402,48.013215367545726,68.09567175145773,0.2444952974599749,2.104881450488145,3.1138532978091926,0.9764352814351869,1.484222829595104,Guarulhos-Pimentas
rh,-9.65355299022346,12.25366740921788,16.27662231117353,-12.623863424835168,16.024009396745388,0.7346901387647293,76.47067039106145,66.76590191364902,17.640718317765025,18.32339492579845,Guarulhos-Pimentas
o3,18.783042213389123,25.458399928870296,31.90489539805355,42.54846855490964,57.66988736572729,0.6278918677195421,44.14504881450488,62.89525743314763,29.88256612596638,29.94128846890089,Guarulhos-Paço Municipal
nox,-12.842283210635035,18.503226668515328,27.55971338819818,-41.418918024789306,59.676586788139744,0.2044486008581619,31.005839416058393,18.392403195054317,23.57580707635818,12.796796473455354,Guarulhos-Paço Municipal
tc,1.6410287921896796,2.0006642649930266,2.6867334419612723,8.421254251359862,10.266792713999429,0.8915070773168702,19.486750348675034,21.12842744568245,4.627698386668931,4.492763777975959,Guarulhos-Paço Municipal
ws,1.2129103887902104,1.5989872062867132,1.913226228879879,65.13676791234792,85.87020072818086,0.3199620267750661,1.8620979020979023,3.0766679250487465,1.0611967064524412,1.4291620044470907,Guarulhos-Paço Municipal
rh,-7.802916415620643,11.063667001394702,14.9375482695071,-10.638115019680173,15.083663060219429,0.7409300009370356,73.3486750348675,65.5276426573816,17.073732284883416,18.211316267061825,Guarulhos-Paço Municipal
o3,8.745335235560404,23.99085595832606,30.913602212685515,17.594650501742468,48.26695769282807,0.6252881029476891,49.704512372634646,56.63397126589137,33.18656987159185,35.6743412294002,Ibirapuera
co,-0.06051874325510198,0.14585328699271136,0.2199298635671238,-18.41874794720497,44.39013082386868,0.24229668775807497,0.3285714285714285,0.2709764059707521,0.2,0.134017702282219,Ibirapuera
nox,1.422078167295325,21.0104278576462,30.986690711134944,4.809877201354893,71.06330739568808,0.2169200564219912,29.56578947368421,31.276005767604456,26.593079149903588,22.624068819169814,Ibirapuera
o3,13.02038907234352,23.28642098879185,29.9867228775196,27.889524811211924,49.87924802575375,0.5950415642345106,46.685589519650655,58.0775139872702,28.604931564672523,31.729962257030692,Interlagos
nox,-8.707529629977312,20.376104148555218,28.18519414956149,-25.914800024380906,60.642074931089596,0.3229670252009977,33.60060514372164,26.092000867332874,25.431624304883897,21.1579943524177,Interlagos
tc,1.837364997907951,2.0708270536959557,2.6429353982636026,10.027635972323713,11.301782650560227,0.8996810934956146,18.323012552301254,20.163010848885794,4.2070621480363215,4.273734249382269,Interlagos
ws,0.14491300039609456,1.1024042695341703,1.4280377573148633,4.931540238454602,37.515964747069155,0.47822167463561005,2.9384937238493727,3.08237287156546,1.3601355365124532,1.4205832963266662,Interlagos
rh,-12.906809043235697,14.566584267782426,18.19856738844126,-15.237234636282807,17.196695294233873,0.7267952161109863,84.70571827057182,71.77065720612813,17.62255199351368,17.09328212000966,Interlagos
o3,16.53552478652111,24.215167157001453,30.870555346127347,36.77534971945614,53.85503346345095,0.5330784228335532,44.96360989810771,60.759711614679674,25.527270339246286,27.96862859774917,Itaim Paulista
nox,-5.656589168976712,16.293947977768557,23.872823875770976,-23.032697718628498,66.34626754816856,0.07013738480444102,24.558951965065503,19.08426877205153,19.495808118079886,13.971251738979982,Itaim Paulista
o3,11.792453079765394,22.42927244222874,28.78593573274657,24.066230775031418,45.77402539230355,0.5879534850480825,49.0,59.3549186189415,29.37443722708953,28.844080772654113,Itaquera
o3,23.213122714701612,29.732603867540032,37.7821228630942,52.146410650055586,66.79189999673011,0.4656637305435175,44.51528384279476,66.80326993593314,33.42721062814694,19.69505972498367,Jacareí
nox,-7.444852154700763,9.359637775714504,15.422703378062053,-53.102234142752906,66.75991226280082,0.18880949519361154,14.019847328244275,6.509500266689415,13.35739850337179,5.701699219346654,Jacareí
tc,1.749737593859649,2.4951466201754386,3.234379887805475,8.958183739917724,12.774476561517597,0.8598880352249725,19.532280701754384,21.8214734408078,5.333326272618889,4.647029920102206,Jacareí
ws,1.4245409264421205,1.702472854283124,2.119449814256857,96.10423826298458,114.85444453528414,0.42708762634911546,1.4822873082287307,2.9050701591350974,0.8818348766866326,1.7289791601930922,Jacareí
rh,-10.336296818688979,13.51264050069735,17.50228533710359,-13.72989888287821,17.949096370743632,0.6997901082452759,75.28312412831241,64.92703110724234,18.6450798474207,17.773015833380253,Jacareí
o3,16.24074719650656,22.26412920815138,26.525121043133794,30.972111159227182,42.45907385631801,0.656855457069336,52.43668122270742,67.91630947771588,27.74180717535361,16.702268221344312,Jaú
nox,-12.10496957192608,12.302692504701534,16.483904702133948,-73.50947050962141,74.71017638579656,0.16797818057394565,16.467224546722456,4.363618537568245,11.33963236873963,2.539471360687415,Jaú
tc,2.1121585467224513,2.451960940027894,3.208046583805172,9.421594497912764,10.937333154990387,0.9053686722561218,22.41827057182706,24.531951423398333,5.689506985875937,5.104714404994098,Jaú
ws,1.3710433412412821,1.865408516917713,2.2858933840942925,50.00702389205413,68.03835113592432,0.525282210002216,2.7417015341701534,4.110201681295265,1.3125219466791413,2.139155206537862,Jaú
rh,-15.553446324965122,16.67869158856346,20.916785441574348,-21.948947045740827,23.536887633837193,0.8066583518032412,70.86192468619247,55.27826192200557,23.191615301930906,21.53683462887165,Jaú
o3,18.09666720232896,25.336844547307134,31.66429291377188,36.492926993072686,51.09314372431607,0.720784181029004,49.58951965065502,66.48019533356546,37.51085838015652,26.912977410727503,Jundiaí
nox,-14.383789010144524,17.06709604118978,23.442222591125066,-50.77503464029374,60.247156857588244,0.2262177716632628,28.32846715328467,13.8805020969805,18.486485299505073,8.473276046507898,Jundiaí
tc,1.5843631025104656,2.043611214086472,2.647025015535449,7.846198729814481,10.12052078642373,0.9120570626773894,20.192747559274757,21.777685465877436,5.173949342418857,4.677880799665529,Jundiaí
ws,0.3510671645788004,1.3739046923249651,1.7018631913752023,11.134882641909229,43.57646927351146,0.3256413076396353,3.1528591352859126,3.500418741229805,0.9618175871294627,1.7110111808081412,Jundiaí
rh,-11.245895253835428,13.290327482566248,16.873951007002365,-15.256966692526017,18.03058619678335,0.8169480618094991,73.70990237099024,62.447767103064066,21.613079906277772,19.413645963613252,Jundiaí
o3,16.100203162886586,25.529524074226806,29.643866491245152,29.303856096371078,46.466090651855744,0.6986078929789654,54.942268041237114,68.8078705724234,34.394898703569865,21.227959913080877,Limeira
nox,-16.698034455881754,17.56687254590219,22.98515323799614,-65.2043871980333,68.59712515074108,0.2783943512396507,25.60875912408759,8.810235673523676,16.352528438240764,6.2494659736557185,Limeira
ws,1.6123771551138268,1.8785824726236033,2.326160714748163,105.79747462073863,123.26475901745783,0.20854747589167424,1.5240223463687148,3.1372306226483286,0.7532556987847417,1.6643741128602296,Limeira
co,-0.3919404691769006,0.4113313190307018,0.5544632202996534,-61.08163156003646,64.10358218660286,-0.028963242082528668,0.6416666666666666,0.2519982091545961,0.36936592417867015,0.12276044857138345,Marg.Tietê-Pte Remédios
nox,-76.99931351876651,82.21653898132158,117.69698611645535,-73.7846433735489,78.78405314179577,-0.09801373907544274,104.3568281938326,27.54274355772423,84.78826821896948,20.124774943151767,Marg.Tietê-Pte Remédios
tc,1.7371326517482544,2.062478988811189,2.763933138290697,8.80798960386912,10.45763170323514,0.883941483572729,19.72223776223776,21.479728190807798,4.415838633798622,4.511635421959627,Marg.Tietê-Pte Remédios
ws,0.8039484409643354,1.2773433599587412,1.6179568401553102,35.2803741047996,56.05477827106732,0.3755609072405964,2.2787412587412588,3.0808322157235377,0.9943656868746567,1.4316352819867948,Marg.Tietê-Pte Remédios
rh,-6.423160420979016,10.599221576223776,14.265710993821045,-9.066350214194058,14.96089907610305,0.7242475761718146,70.84615384615384,64.33680619637883,15.774632905701216,18.08244458252805,Marg.Tietê-Pte Remédios
o3,23.46083616097973,26.40690465320946,32.30288654280158,64.48217190816659,72.57944916059242,0.5046754776172337,36.383445945945944,60.18740710835654,18.447252179619078,26.540748220207004,Mauá
nox,-6.363190731217259,17.03969259349769,23.934628933179486,-24.727326414945214,66.21615767427102,0.21490767423409116,25.733436055469955,19.479434753399723,21.80111010728286,13.37764603167255,Mauá
o3,7.347931043356645,19.977530732867134,25.900484490857945,12.387170669370242,33.67819883997831,0.505342334720715,59.318881118881116,66.68302537047353,28.56809877562584,17.56874373054791,Mogi das Cruzes
o3,13.86527377845723,24.980663543001405,32.37764737384911,32.47360708221923,58.50676052347009,0.5900455900534111,42.69705469845722,56.454532966490255,28.22378877027268,35.123998647190206,Mooca
co,-0.18448256098449617,0.21480809964082687,0.2883776365883379,-41.58110139836925,48.416269400698894,0.2168869805863963,0.44366925064599483,0.27219686535515325,0.21577664080071346,0.12721866765515893,Mooca
ws,1.6820709041785218,1.853010813868898,2.1836271153180364,127.4619359856267,140.41521386007184,0.3097602678189709,1.3196652719665272,3.000205738852368,0.806184821249414,1.4129487656147874,Mooca
o3,28.145917232094966,32.50709171399441,40.14106034753318,80.3816231429939,92.83665456990148,0.6355429562792795,35.01536312849162,63.18480130387186,29.767369167272413,35.97864010518818,N.Senhora do Ó
co,-0.5372747807205239,0.5472539515065502,0.6588514167249319,-69.21203344365271,70.49755572567035,0.12786945003169314,0.7762736535662299,0.2406899186615599,0.37908755835506625,0.11477808497960217,Osasco
nox,-56.74825580375041,60.205619079374394,75.3871419407833,-67.80602236901895,71.9370753553081,0.10581259646658579,83.69205834683954,26.644357083559886,47.51082397327967,19.641430338987604,Osasco
ws,1.0583860347285916,1.3867513528306834,1.7338840768699577,49.21289149808041,64.48123994679636,0.36599259307180076,2.1506276150627617,3.2079762863515318,0.8506095559787561,1.4340571004999723,Osasco
o3,14.47937433773744,25.848262024273748,32.92197839360786,34.82208795452103,62.16362894457881,0.6166186919141151,41.58100558659218,55.97558671562674,30.47296868580157,36.102175507125295,Parque D.Pedro II
co,-0.0525762254972067,0.16708039196648045,0.24380186560408793,-15.783889918658284,50.15914492578616,0.18808341628368028,0.3331005586592179,0.28067302712256265,0.22145582128926808,0.13879264293747182,Parque D.Pedro II
nox,-14.153186054148044,27.799910057639664,39.121546686302615,-30.222729540023856,59.36395944309574,0.21057103554276402,46.82960893854749,32.70957559224234,33.78055906931779,22.664374992700655,Parque D.Pedro II
tc,1.5039641410614522,1.911216715083799,2.6023995845567454,7.682757396745217,9.763141256965106,0.8877960318937679,19.575837988826816,21.07629087047354,4.501202946782255,4.466495083686063,Parque D.Pedro II
ws,1.4570160632648042,1.6788994961206705,2.002256310519036,91.56705883416132,105.511457844501,0.31399043065638776,1.5912011173184357,3.0494267342584958,0.6960373021101813,1.4249067900969639,Parque D.Pedro II
rh,-7.3919812262569735,10.797581522346368,14.605543506100991,-10.107051441775198,14.763526658518886,0.732549128212673,73.13687150837988,65.73716393036212,16.460275834520566,17.823129476249626,Parque D.Pedro II
o3,21.5147007920937,32.59415435578331,38.17027607939096,44.227360845748684,67.00318261851017,0.7607064828756535,48.64568081991215,69.0108498746518,45.98849554529563,24.993704514596676,Paulínia
nox,-13.540699738580487,16.468499625608132,24.059327003677975,-53.994231597140626,65.66898314043313,0.1901900112659602,25.078048780487805,11.453070885483287,19.707810818593227,8.265732276539916,Paulínia
tc,1.282576674614301,1.9384695666199159,2.5497054331359745,5.71762641615606,8.641545585844693,0.915117783205136,22.431977559607294,23.72992669637883,5.4110102734397945,4.635760523376699,Paulínia
ws,1.3238416680200835,1.7654773442271066,2.172392296958597,70.16341131683042,93.57003640685572,0.35900412351802047,1.886797752808989,3.2024351838165734,0.8354453395872055,1.835568699824906,Paulínia
rh,-10.537717862552597,14.321762690042076,18.641164705745467,-15.643776205546764,21.261382522695094,0.7923886621267181,67.36044880785414,56.7333646281337,25.22049852532071,19.716810334310765,Paulínia
o3,15.179475503221084,23.2630725761347,30.026689970658573,30.856816478764248,47.28914125271586,0.6811548700254085,49.19326500732065,63.314517643871866,28.420246206816387,34.92415974998083,Pico do Jaraguá
nox,1.1690576067715952,13.228561411720348,17.820484483302938,5.86590027494123,66.37604646051275,0.2554958298009702,19.929721815519766,21.25701588496518,15.019568206223026,14.10362558430645,Pico do Jaraguá
tc,2.444028800841515,2.7164273590462833,3.2789723959766146,14.588101889446056,16.214014775685836,0.8898856920860708,16.753576437587657,19.252246040389974,4.643651789090181,4.721843071258442,Pico do Jaraguá
ws,2.399831709280112,2.4251846872184877,2.7909653062666777,164.11070208083518,165.84444657350832,0.43379045886681794,1.4623249299719887,3.8500466423760447,0.44930449699349606,1.5672562189512034,Pico do Jaraguá
rh,-10.109014774193554,13.156090760168304,16.974755903851516,-12.017285561372503,15.63955569041982,0.7644890608225413,84.12061711079944,73.78290426740948,20.23727325585447,19.61519549409624,Pico do Jaraguá
o3,23.462916175465686,29.18251976995915,37.8831194630124,68.3255838379568,84.98145269896746,0.6258254222277202,34.33986928104575,57.23432023393454,29.081051225985906,37.16667338888389,Pinheiros
co,-0.3701909736,0.37036132935,0.4438072679308988,-61.6984956,61.726888224999996,0.36611978299169373,0.5999999999999999,0.27511627687743734,0.26337632507041125,0.13994766599275868,Pinheiros
nox,-22.194851982754283,32.37581243803048,47.88591911703278,-42.12536528305557,61.44861548738657,0.2901645105613578,52.687619047619044,31.716380394643455,43.57985496342575,22.857473240071382,Pinheiros
tc,1.1981552857142894,1.8062471966053748,2.524015964302022,6.030825545881063,9.091610966745218,0.8795807781082965,19.867185289957565,21.102732435933145,4.571505956692819,4.469300357337357,Pinheiros
ws,0.9921594561952247,1.3456916559396066,1.691347490962905,48.73861824279012,66.10545460390506,0.3665160003537946,2.0356741573033705,3.0290902799596098,0.8650373164999323,1.422458683924061,Pinheiros
rh,-6.384102121640737,10.952320062234795,14.900651128159394,-8.816924910142209,15.125977269885919,0.7024308125456682,72.4073550212164,66.0623116545961,16.663928650381322,18.042529498154618,Pinheiros
o3,16.973782035139095,26.912204752562225,31.40909329148919,32.010970648332226,50.75390944886238,0.7409724595301548,53.02489019033675,69.17948566016713,38.25674526741221,22.941029622872275,Piracicaba
nox,-9.693163725971866,11.322476508851663,14.393438434358147,-53.328085223793444,62.29194195808358,0.2403268094107273,18.176470588235293,8.475698958873956,10.162629319757727,6.341265525316457,Piracicaba
nox,-44.02137240799162,44.02137240799162,52.363073473532296,-87.79505485675051,87.79505485675051,0.47056024603288127,50.141061452513966,6.116758065938718,30.111001005099205,4.203625583066042,Santa Gertrudes
tc,1.0895227405857746,2.033541849372385,2.672875706659967,4.951120579287616,9.241028685511472,0.910563128684833,22.00557880055788,23.09488667270195,5.852574003359663,4.990076011789364,Santa Gertrudes
ws,2.2169312825781033,2.3762167382587167,2.953536420372583,197.92550486969242,212.14635802907483,0.2119497190993434,1.1200836820083682,3.338050758089833,0.7774499884929275,1.9626720182780402,Santa Gertrudes
rh,-4.614297781032079,10.343116757322177,13.999611639982021,-7.048556625761644,15.799596733989517,0.8401728351684893,65.46443514644352,60.82916866434541,24.326984095081297,21.372976377872057,Santa Gertrudes
o3,18.142136587542986,26.56239276460602,33.86644589508656,44.18889394599923,64.6981545510521,0.6568993554411579,41.05587392550143,58.50959387897632,32.4140806880825,36.082638618147065,Santana
ws,1.6160002729719602,1.7997205060266095,2.1932976075187707,115.134460381959,128.22389498650494,0.19206111060753592,1.4035765379113017,3.0297304500103066,0.6563128083249464,1.4474685510190957,Santana
o3,22.445104594171426,27.5821856681,34.66066350731115,62.21789215293535,76.45789512986832,0.561889281296688,36.075,57.35092038148468,25.75426914607864,33.58237820029085,Santo Amaro
co,-0.160435343389002,0.20865061265173115,0.28374745312802485,-41.85640467800213,54.43541488416579,0.20142140231941832,0.38329938900203664,0.25626255197214487,0.2337932759888212,0.13585856423429823,Santo Amaro
o3,17.200436833918126,24.045778452631577,30.098586271465333,39.89521463004409,55.772507499491354,0.5714370439936522,43.1140350877193,58.852641816573815,23.84893603537199,29.192632786297647,S.André-Capuava
ws,1.2702832735070022,1.4885380122352938,1.8966589753721266,73.43391282357703,86.05101941025016,0.2534282774970749,1.729831932773109,2.9959801068022283,0.7383832266415591,1.3995696509082065,S.André-Capuava
o3,28.550135327510908,31.03468038427948,37.7726271453111,87.72673302620987,95.36105834153325,0.30077602472766884,32.54439592430859,60.5362848091922,22.786574608680244,18.887173421074774,Santos
nox,-28.13864247547162,29.816354474883553,44.14828969344707,-72.01865502067282,76.31262768886448,0.36215927413232474,39.07132459970888,10.92009083038858,36.02411536586323,7.41502766973576,Santos
tc,-0.9467721799163193,1.5872564198047419,2.283334533465126,-4.326935819639738,7.254075271216041,0.6999754467592465,21.880892608089262,20.938498754874654,2.853613858127976,1.588379901904118,Santos
ws,2.9429589284616453,2.97402115141841,3.658946385680462,311.36218853578276,314.6485414736609,0.47238939993385487,0.9451882845188285,3.886948026054317,0.6669742186577949,2.408336028711206,Santos
rh,5.110453764026403,8.465231061056107,11.432899268877915,6.095128874237356,10.096299986223185,0.5101971864989734,83.84488448844884,89.95728870194986,11.578793606917507,8.170768195583813,Santos
o3,29.462360255131966,31.22155427565982,37.33641208817416,96.76071315612059,102.53828381007415,0.3184739963485948,30.44868035190616,59.39654461977716,19.965561532335947,19.551201328324364,Santos-Ponta da Praia
nox,-32.49724184900728,34.08011180696356,54.6858443640334,-72.60652653862363,76.14303250253062,0.45244663708563915,44.75801749271137,12.253930309357939,47.133942252566854,8.221366114292337,Santos-Ponta da Praia
tc,-1.1947982206703855,1.653955497206704,2.3419452332939046,-5.364424638808067,7.425956506471357,0.725418786660212,22.272625698324024,21.086001023676882,2.8610486276734446,1.6515379182608212,Santos-Ponta da Praia
ws,2.3913466698242676,2.469601204569037,3.1938292780638924,204.50805847614504,211.20038927433203,0.4643072103135126,1.1693165969316597,3.556584425576602,0.6985669340573137,2.3514480611120163,Santos-Ponta da Praia
rh,1.702239586592171,8.133509217877094,11.148480298575173,1.939658068623082,9.26792380164237,0.5672598194432243,87.75977653631286,89.41148596100278,13.375412238036132,8.148304782123574,Santos-Ponta da Praia
o3,15.228678569899664,23.013688813712378,29.67745284268298,33.68254534452787,50.90130528756889,0.5583332546355898,45.2123745819398,59.52259734052925,26.920381039092653,27.840542937826886,S.Bernardo-Centro
co,-0.24618786254773858,0.2548941355125628,0.3277363300299784,-53.69899669017173,55.598026635367205,0.35751314707726756,0.4584589614740368,0.21619779721309196,0.2310240633786738,0.09675054171879889,S.Bernardo-Centro
nox,-10.125559927892976,20.02348924658863,28.566191517562096,-32.07482168068651,63.42857595857612,0.2721870973006852,31.568561872909697,21.58117581923398,25.850643326760515,16.10448249998607,S.Bernardo-Centro
ws,1.3246939995215312,1.5038930722488038,1.8219564023713155,69.62138622799664,79.03947663872589,0.4811696172409378,1.9027113237639552,3.1437573272423402,0.7710676705939278,1.4171910054115675,S.Bernardo-Centro
o3,11.565645060252812,23.328713663904495,29.956469067909207,25.725521033739458,51.89017222336769,0.5899990206415081,44.95786516853933,56.29549681643453,29.011921889994362,31.88764274346485,São Caetano do Sul
co,-0.16707601680758427,0.21745215312780897,0.30203001785447064,-39.932233624370596,51.97245150285331,0.21051696419642776,0.41839887640449436,0.25180111954456824,0.2502571805689151,0.11234543238399879,São Caetano do Sul
nox,-11.755612607851127,24.55053975804775,33.77032957390715,-29.399354326624515,61.39790764920969,0.1699602203118497,39.985955056179776,28.2687549521727,28.502025973603107,19.474719442298344,São Caetano do Sul
tc,1.2118386150627636,1.707741442119944,2.357819376271383,6.289728739576095,8.863581581538105,0.8913557171637044,19.266945606694563,20.480254940111422,4.343467227583639,4.337610437236543,São Caetano do Sul
ws,1.1646891562524404,1.4080344345146445,1.7522217762547692,65.74414462549205,79.48045107439773,0.38375983111763123,1.7715481171548118,2.9344709756727023,0.7442700874779711,1.4007081972795878,São Caetano do Sul
rh,-4.805311829846573,9.768587640167365,13.065386603491678,-6.490484104438249,13.19432849446161,0.7243412596584713,74.03626220362622,69.20827964902507,15.17067965533833,17.186092090627017,São Caetano do Sul
o3,22.496720867153293,26.499350519708027,32.7441970330755,51.58416614447346,60.7620509673964,0.5555184228115893,43.61167883211679,65.09346743036213,28.12671584289973,20.522236555845325,S.José Campos
nox,-19.946028259975144,20.7625624660307,27.06999985920899,-68.54098633420247,71.34686122464205,0.3543345950028811,29.100877192982455,9.190647854075209,19.58373692101769,7.144257921713727,S.José Campos
tc,1.5941129544179518,2.30457291374474,3.0165857475014914,7.8257392057229795,11.31349353479437,0.8635528781142622,20.370126227208978,21.963440412952647,5.056844522920211,4.620437225951273,S.José Campos
ws,1.539300674708089,1.6806858747479778,2.106055038982804,117.75083577997437,128.56628317446922,0.5098753227906613,1.3072524407252442,2.8440198659689413,0.7997924724788543,1.6711528794304973,S.José Campos
rh,-7.562673217391307,11.967492258064517,15.663405880125621,-10.563592916054464,16.716273836810657,0.6993452544359998,71.59186535764375,64.02028031754875,17.489331933709302,17.888412107069136,S.José Campos
o3,15.665434721698112,24.19573930188679,32.96200158093266,33.28728235942668,51.41321772075774,0.3841383109793689,47.06132075471698,64.08702808774373,30.03018204594298,20.683222867207686,S.José Campos-Jd.Satelite
co,-0.051258648956678726,0.10674357347653429,0.14458524289328656,-24.65042666840277,51.33328099479165,0.2431630341623328,0.20794223826714806,0.158019938908078,0.1362346531153684,0.05987367960971418,S.José Campos-Jd.Satelite
nox,-11.230966541312798,14.25174310000474,22.9452121240553,-52.64905443716953,66.80999320375473,0.18018227870169712,21.33175355450237,10.141469748364901,19.9351415389169,7.959101703909318,S.José Campos-Jd.Satelite
tc,1.3320607318181779,2.1150653636363637,2.894231892170292,6.885571386614349,10.93301018550064,0.8318569539669579,19.34568181818182,21.71283162465181,4.441672558274712,4.66798669623561,S.José Campos-Jd.Satelite
ws,1.0182153199638009,1.4279979583167421,1.7774869622111185,49.12686076017902,68.89805671607903,0.5365381873706763,2.0726244343891405,3.002380792777159,1.1383031844854736,1.659084270868345,S.José Campos-Jd.Satelite
rh,-3.835829538636361,10.397997275,13.578282311043168,-5.3709425821028525,14.559313903385945,0.6886690060907974,71.41818181818182,65.0355438454039,16.3095800728791,18.13417062429235,S.José Campos-Jd.Satelite
tc,1.7273833640167346,2.2985387545327756,3.0020530482053083,8.40196643375619,11.180057574113018,0.880617709001251,20.559274755927476,22.287517491643452,5.185407493142122,4.553399028216753,S.José Campos-Vista Verde
ws,1.4271482498847978,1.5882016952755929,2.0641643576010065,120.96764335824565,134.61882202536944,0.46514500255220287,1.179776847977685,2.605321259007521,0.6219638705575089,1.6757633112469996,S.José Campos-Vista Verde
rh,-8.098190845188292,11.93364858856346,15.594665391455106,-11.400080175917381,16.79937572497202,0.7192546394295132,71.03626220362622,62.919827320334264,17.81574915216705,17.77428257908584,S.José Campos-Vista Verde
o3,32.342057858806406,33.26834492430859,38.303785384253075,82.8170775988669,85.18898566103843,0.6805790292370985,39.05240174672489,70.17768289554317,26.27456822072064,25.314881373072247,Sorocaba
nox,-10.54930478574817,11.615656231575402,17.78068535507385,-52.2796050548977,57.564164897445934,0.5058994415413796,20.178623718887263,9.609062204908078,16.50949286626677,6.7920279556218635,Sorocaba
tc,1.5299293298465884,1.9902175669456066,2.598446087742845,7.2704091297720055,9.45775447706787,0.9103810159373413,21.04323570432357,22.575037977019498,5.063247971252072,4.438534470311526,Sorocaba
rh,-7.256314364016738,10.739515979079497,14.075485731578542,-10.627890262287046,15.729527632062753,0.7828138290219192,68.27615062761507,60.98812593454038,18.889391445570276,17.535864769548585,Sorocaba
co,-0.5286126908371386,0.5357757375342466,0.65105188536403,-68.00441313491287,68.92591728216173,0.22538910959821803,0.7773211567732116,0.24785332367130922,0.38802989975456514,0.12665591685314914,Taboão da Serra
nox,-29.357512242554137,37.29456307129299,48.16860281116849,-52.65620680411275,66.89225604424641,0.27991977461378786,55.753184713375795,27.138546234263234,38.13329144561473,21.776265217934014,Taboão da Serra
tc,1.2773667195804208,1.778181544755245,2.4956085997478756,6.576967756686303,9.155587433208993,0.8838298399593099,19.421818181818182,20.70054800487465,4.421677507881208,4.472987476224712,Taboão da Serra
rh,-7.138887145454547,10.985882121678324,14.747672243196046,-9.490200444361813,14.60426832202287,0.7212896784665368,75.22377622377623,68.03874703064066,15.960042710193434,18.17723915782033,Taboão da Serra
o3,13.069485593886462,19.13782967540029,24.75743194901605,23.378473683799406,34.233424431078475,0.6219649950145388,55.903930131004365,68.06529270055711,25.1986179970855,23.03341157972993,Tatuí
nox,-3.3414576956207025,6.618964524072458,9.951547742564646,-38.057444491174735,75.38652226364631,0.03779185750541625,8.78003696857671,5.224917204164624,8.347191188619771,4.413176641039452,Tatuí
tc,1.355501801952581,1.9248234951185494,2.5659065487856547,6.71054395813051,9.529026561992943,0.9155265441856018,20.199581589958157,21.55335354038997,5.403352191786818,5.11339837872951,Tatuí
ws,0.573685495104602,1.300884672259414,1.730040907582421,18.519314753500513,41.99425104722884,0.48413690325853,3.097768479776848,3.6698320696239555,1.2934603612403668,1.8030803414985748,Tatuí
rh,-10.15406869595536,12.91131780892608,16.92042745967017,-12.87871655374927,16.375820114627373,0.8102780427097339,78.84379358437936,68.66352461699164,23.00056183675727,19.961153296880553,Tatuí
o3,17.969118871111114,24.82253305777778,31.836571278244833,36.57656656313139,50.5268532734236,0.5246727198283936,49.12740740740741,65.63138294011142,30.860965207451844,18.11983904693713,Taubaté
co,-0.20511470417455624,0.2074664319556213,0.24473494329867923,-56.61802369211924,57.26717354103717,0.10843715037161063,0.36227810650887576,0.15722398879944288,0.1280514463509004,0.053895077629649624,Taubaté
nox,-10.187352705863502,11.43383176927003,16.341525614841615,-54.890684497178036,61.606863957854344,0.23171846253870945,18.559347181008903,8.337385946977717,12.712042594070457,6.191176120106484,Taubaté
tc,1.7666839751773011,2.3284619794326242,3.0033791591646057,8.35633815833613,11.01352361959074,0.8750065309413312,21.141843971631207,22.827793124651805,5.008015677567007,4.55859953743767,Taubaté
ws,1.402313693163546,1.6166431140988653,2.091489548923013,99.71065594355017,114.9504180978013,0.25616814926678305,1.4063829787234043,2.7842904126466577,0.7076903821464525,1.5726895674290244,Taubaté
rh,-9.573106896453908,12.780188343262411,16.22072972433867,-13.78424157918386,18.40209301499122,0.7495390695543441,69.44964539007093,59.98312079108636,18.965296597103844,17.853667812822287,Taubaté
tc,1.8797964324512577,2.2277259575208914,3.052188449582764,10.254286796928183,12.1522418486519,0.8424826842809136,18.331810584958216,20.211607017409474,4.235818417449699,4.332186447995388,IAG
ws,1.3187494274136493,1.5495899130598887,1.912021026695841,77.26017615625639,90.78418323014158,0.3829966926452826,1.7068941504178272,3.0256435778314765,0.9647874105196,1.4302274979720269,IAG
rh,-9.88171445264625,12.562423026462396,16.905716469278392,-12.30352017098167,15.64121548372553,0.6674593966399479,80.31615598885794,70.4344415362117,15.903616273870298,17.55555035954891,IAG
