date,rainc,rainnc,code,name,local_date
2018-09-01 00:00:00,0.0,0.0,72,Parque D.Pedro II,2018-08-31 21:00:00-03:00
2018-09-01 01:00:00,0.0,0.0,72,Parque D.Pedro II,2018-08-31 22:00:00-03:00
2018-09-01 02:00:00,0.0,0.0,72,Parque D.Pedro II,2018-08-31 23:00:00-03:00
2018-09-01 03:00:00,0.0,0.0,72,Parque D.Pedro II,2018-09-01 00:00:00-03:00
2018-09-01 04:00:00,0.0,0.0,72,Parque D.Pedro II,2018-09-01 01:00:00-03:00
2018-09-01 05:00:00,0.0,0.0,72,Parque D.Pedro II,2018-09-01 02:00:00-03:00
2018-09-01 06:00:00,0.0,0.0,72,Parque D.Pedro II,2018-09-01 03:00:00-03:00
2018-09-01 07:00:00,0.0,0.0,72,Parque D.Pedro II,2018-09-01 04:00:00-03:00
2018-09-01 08:00:00,0.0,0.0,72,Parque D.Pedro II,2018-09-01 05:00:00-03:00
2018-09-01 09:00:00,0.0,0.0,72,Parque D.Pedro II,2018-09-01 06:00:00-03:00
2018-09-01 10:00:00,0.0,0.0,72,Parque D.Pedro II,2018-09-01 07:00:00-03:00
2018-09-01 11:00:00,0.0,0.0,72,Parque D.Pedro II,2018-09-01 08:00:00-03:00
2018-09-01 12:00:00,0.0,0.0,72,Parque D.Pedro II,2018-09-01 09:00:00-03:00
2018-09-01 13:00:00,0.0,0.0,72,Parque D.Pedro II,2018-09-01 10:00:00-03:00
2018-09-01 14:00:00,0.0,0.0,72,Parque D.Pedro II,2018-09-01 11:00:00-03:00
2018-09-01 15:00:00,0.0,0.0,72,Parque D.Pedro II,2018-09-01 12:00:00-03:00
2018-09-01 16:00:00,0.0,0.0,72,Parque D.Pedro II,2018-09-01 13:00:00-03:00
2018-09-01 17:00:00,0.0,0.00057758956,72,Parque D.Pedro II,2018-09-01 14:00:00-03:00
2018-09-01 18:00:00,0.00023326042,0.0017254261,72,Parque D.Pedro II,2018-09-01 15:00:00-03:00
2018-09-01 19:00:00,0.015452864,0.0017254261,72,Parque D.Pedro II,2018-09-01 16:00:00-03:00
2018-09-01 20:00:00,0.1688489,0.0017254261,72,Parque D.Pedro II,2018-09-01 17:00:00-03:00
2018-09-01 21:00:00,0.51559323,0.017124964,72,Parque D.Pedro II,2018-09-01 18:00:00-03:00
2018-09-01 22:00:00,0.51559323,0.01783781,72,Parque D.Pedro II,2018-09-01 19:00:00-03:00
2018-09-01 23:00:00,0.5299198,0.01810145,72,Parque D.Pedro II,2018-09-01 20:00:00-03:00
2018-09-02 00:00:00,0.5299198,0.01810145,72,Parque D.Pedro II,2018-09-01 21:00:00-03:00
2018-09-02 01:00:00,0.5299198,0.01810145,72,Parque D.Pedro II,2018-09-01 22:00:00-03:00
2018-09-02 02:00:00,0.5299198,0.01810145,72,Parque D.Pedro II,2018-09-01 23:00:00-03:00
2018-09-02 03:00:00,0.5299198,0.01810145,72,Parque D.Pedro II,2018-09-02 00:00:00-03:00
2018-09-02 04:00:00,0.5299198,0.01810145,72,Parque D.Pedro II,2018-09-02 01:00:00-03:00
2018-09-02 05:00:00,0.5299198,0.01810145,72,Parque D.Pedro II,2018-09-02 02:00:00-03:00
2018-09-02 06:00:00,0.5299198,0.01810145,72,Parque D.Pedro II,2018-09-02 03:00:00-03:00
2018-09-02 07:00:00,0.5299198,0.01810145,72,Parque D.Pedro II,2018-09-02 04:00:00-03:00
2018-09-02 08:00:00,0.5299198,0.01810145,72,Parque D.Pedro II,2018-09-02 05:00:00-03:00
2018-09-02 09:00:00,0.5299198,0.01810145,72,Parque D.Pedro II,2018-09-02 06:00:00-03:00
2018-09-02 10:00:00,0.5299198,0.01810145,72,Parque D.Pedro II,2018-09-02 07:00:00-03:00
2018-09-02 11:00:00,0.5299198,0.01810145,72,Parque D.Pedro II,2018-09-02 08:00:00-03:00
2018-09-02 12:00:00,0.5299198,0.01810145,72,Parque D.Pedro II,2018-09-02 09:00:00-03:00
2018-09-02 13:00:00,0.5299198,0.01810145,72,Parque D.Pedro II,2018-09-02 10:00:00-03:00
2018-09-02 14:00:00,0.5299198,0.01810145,72,Parque D.Pedro II,2018-09-02 11:00:00-03:00
2018-09-02 15:00:00,0.5299198,0.01810145,72,Parque D.Pedro II,2018-09-02 12:00:00-03:00
2018-09-02 16:00:00,0.5299198,0.01810145,72,Parque D.Pedro II,2018-09-02 13:00:00-03:00
2018-09-02 17:00:00,0.5299198,0.01810145,72,Parque D.Pedro II,2018-09-02 14:00:00-03:00
2018-09-02 18:00:00,0.5299198,0.01810145,72,Parque D.Pedro II,2018-09-02 15:00:00-03:00
2018-09-02 19:00:00,0.5299198,0.01810145,72,Parque D.Pedro II,2018-09-02 16:00:00-03:00
2018-09-02 20:00:00,0.5299198,0.01810145,72,Parque D.Pedro II,2018-09-02 17:00:00-03:00
2018-09-02 21:00:00,0.5299198,0.01810145,72,Parque D.Pedro II,2018-09-02 18:00:00-03:00
2018-09-02 22:00:00,0.5299198,0.01810145,72,Parque D.Pedro II,2018-09-02 19:00:00-03:00
2018-09-02 23:00:00,0.5299198,0.01810145,72,Parque D.Pedro II,2018-09-02 20:00:00-03:00
2018-09-03 00:00:00,0.5299198,0.01810145,72,Parque D.Pedro II,2018-09-02 21:00:00-03:00
2018-09-03 01:00:00,0.5299198,0.01810145,72,Parque D.Pedro II,2018-09-02 22:00:00-03:00
2018-09-03 02:00:00,0.61811316,0.01810145,72,Parque D.Pedro II,2018-09-02 23:00:00-03:00
2018-09-03 03:00:00,0.61811316,0.01810145,72,Parque D.Pedro II,2018-09-03 00:00:00-03:00
2018-09-03 04:00:00,0.61811316,0.01810145,72,Parque D.Pedro II,2018-09-03 01:00:00-03:00
2018-09-03 05:00:00,0.61811316,0.01810145,72,Parque D.Pedro II,2018-09-03 02:00:00-03:00
2018-09-03 06:00:00,0.8039426,0.01810145,72,Parque D.Pedro II,2018-09-03 03:00:00-03:00
2018-09-03 07:00:00,0.8039426,0.01810145,72,Parque D.Pedro II,2018-09-03 04:00:00-03:00
2018-09-03 08:00:00,0.8039426,0.01810145,72,Parque D.Pedro II,2018-09-03 05:00:00-03:00
2018-09-03 09:00:00,0.9120143,0.019464957,72,Parque D.Pedro II,2018-09-03 06:00:00-03:00
2018-09-03 10:00:00,1.0290213,0.045465764,72,Parque D.Pedro II,2018-09-03 07:00:00-03:00
2018-09-03 11:00:00,1.3368171,0.06727036,72,Parque D.Pedro II,2018-09-03 08:00:00-03:00
2018-09-03 12:00:00,1.4433838,0.10767894,72,Parque D.Pedro II,2018-09-03 09:00:00-03:00
2018-09-03 13:00:00,1.5415525,0.10767894,72,Parque D.Pedro II,2018-09-03 10:00:00-03:00
2018-09-03 14:00:00,2.4560812,0.17652819,72,Parque D.Pedro II,2018-09-03 11:00:00-03:00
2018-09-03 15:00:00,3.2564163,0.179613,72,Parque D.Pedro II,2018-09-03 12:00:00-03:00
2018-09-03 16:00:00,4.0001173,0.19973268,72,Parque D.Pedro II,2018-09-03 13:00:00-03:00
2018-09-03 17:00:00,5.9834256,0.20915551,72,Parque D.Pedro II,2018-09-03 14:00:00-03:00
2018-09-03 18:00:00,8.88122,0.2878675,72,Parque D.Pedro II,2018-09-03 15:00:00-03:00
2018-09-03 19:00:00,10.063848,0.28879258,72,Parque D.Pedro II,2018-09-03 16:00:00-03:00
2018-09-03 20:00:00,11.441039,0.28894964,72,Parque D.Pedro II,2018-09-03 17:00:00-03:00
2018-09-03 21:00:00,13.20879,0.2889603,72,Parque D.Pedro II,2018-09-03 18:00:00-03:00
2018-09-03 22:00:00,13.20879,0.2889603,72,Parque D.Pedro II,2018-09-03 19:00:00-03:00
2018-09-03 23:00:00,13.20879,0.2889603,72,Parque D.Pedro II,2018-09-03 20:00:00-03:00
2018-09-04 00:00:00,13.20879,0.2889603,72,Parque D.Pedro II,2018-09-03 21:00:00-03:00
2018-09-04 01:00:00,13.20879,0.2889603,72,Parque D.Pedro II,2018-09-03 22:00:00-03:00
2018-09-04 02:00:00,13.20879,0.2889603,72,Parque D.Pedro II,2018-09-03 23:00:00-03:00
2018-09-04 03:00:00,13.20879,0.2889603,72,Parque D.Pedro II,2018-09-04 00:00:00-03:00
2018-09-04 04:00:00,13.20879,0.2889603,72,Parque D.Pedro II,2018-09-04 01:00:00-03:00
2018-09-04 05:00:00,13.20879,0.2889603,72,Parque D.Pedro II,2018-09-04 02:00:00-03:00
2018-09-04 06:00:00,13.20879,0.2889603,72,Parque D.Pedro II,2018-09-04 03:00:00-03:00
2018-09-04 07:00:00,13.20879,0.2889603,72,Parque D.Pedro II,2018-09-04 04:00:00-03:00
2018-09-04 08:00:00,13.20879,0.2889603,72,Parque D.Pedro II,2018-09-04 05:00:00-03:00
2018-09-04 09:00:00,13.20879,0.2889603,72,Parque D.Pedro II,2018-09-04 06:00:00-03:00
2018-09-04 10:00:00,13.20879,0.28917918,72,Parque D.Pedro II,2018-09-04 07:00:00-03:00
2018-09-04 11:00:00,13.20879,0.2892548,72,Parque D.Pedro II,2018-09-04 08:00:00-03:00
2018-09-04 12:00:00,13.20879,0.29059488,72,Parque D.Pedro II,2018-09-04 09:00:00-03:00
2018-09-04 13:00:00,13.20879,0.293374,72,Parque D.Pedro II,2018-09-04 10:00:00-03:00
2018-09-04 14:00:00,13.6576,0.3061522,72,Parque D.Pedro II,2018-09-04 11:00:00-03:00
2018-09-04 15:00:00,15.616229,0.32096305,72,Parque D.Pedro II,2018-09-04 12:00:00-03:00
2018-09-04 16:00:00,17.71711,0.4234986,72,Parque D.Pedro II,2018-09-04 13:00:00-03:00
2018-09-04 17:00:00,18.85873,0.42858914,72,Parque D.Pedro II,2018-09-04 14:00:00-03:00
2018-09-04 18:00:00,19.366318,0.4292929,72,Parque D.Pedro II,2018-09-04 15:00:00-03:00
2018-09-04 19:00:00,19.822197,0.429759,72,Parque D.Pedro II,2018-09-04 16:00:00-03:00
2018-09-04 20:00:00,19.822197,0.429759,72,Parque D.Pedro II,2018-09-04 17:00:00-03:00
2018-09-04 21:00:00,19.822197,0.429759,72,Parque D.Pedro II,2018-09-04 18:00:00-03:00
2018-09-04 22:00:00,19.822197,0.429759,72,Parque D.Pedro II,2018-09-04 19:00:00-03:00
2018-09-04 23:00:00,19.822197,0.429759,72,Parque D.Pedro II,2018-09-04 20:00:00-03:00
2018-09-05 00:00:00,19.822197,0.429759,72,Parque D.Pedro II,2018-09-04 21:00:00-03:00
2018-09-05 01:00:00,19.822197,0.429759,72,Parque D.Pedro II,2018-09-04 22:00:00-03:00
2018-09-05 02:00:00,19.822197,0.429759,72,Parque D.Pedro II,2018-09-04 23:00:00-03:00
2018-09-05 03:00:00,19.822197,0.429864,72,Parque D.Pedro II,2018-09-05 00:00:00-03:00
2018-09-05 04:00:00,19.822197,0.4298742,72,Parque D.Pedro II,2018-09-05 01:00:00-03:00
2018-09-05 05:00:00,19.822197,0.4298742,72,Parque D.Pedro II,2018-09-05 02:00:00-03:00
2018-09-05 06:00:00,19.822197,0.4298742,72,Parque D.Pedro II,2018-09-05 03:00:00-03:00
2018-09-05 07:00:00,19.822197,0.4298742,72,Parque D.Pedro II,2018-09-05 04:00:00-03:00
2018-09-05 08:00:00,19.822197,0.4298742,72,Parque D.Pedro II,2018-09-05 05:00:00-03:00
2018-09-05 09:00:00,19.822197,0.4298742,72,Parque D.Pedro II,2018-09-05 06:00:00-03:00
2018-09-05 10:00:00,19.822197,0.4298742,72,Parque D.Pedro II,2018-09-05 07:00:00-03:00
2018-09-05 11:00:00,19.822197,0.43002778,72,Parque D.Pedro II,2018-09-05 08:00:00-03:00
2018-09-05 12:00:00,19.822197,0.43004724,72,Parque D.Pedro II,2018-09-05 09:00:00-03:00
2018-09-05 13:00:00,19.822197,0.43004724,72,Parque D.Pedro II,2018-09-05 10:00:00-03:00
2018-09-05 14:00:00,19.822197,0.43004724,72,Parque D.Pedro II,2018-09-05 11:00:00-03:00
2018-09-05 15:00:00,19.822197,0.43004724,72,Parque D.Pedro II,2018-09-05 12:00:00-03:00
2018-09-05 16:00:00,19.822197,0.43004724,72,Parque D.Pedro II,2018-09-05 13:00:00-03:00
2018-09-05 17:00:00,19.822197,0.43004724,72,Parque D.Pedro II,2018-09-05 14:00:00-03:00
2018-09-05 18:00:00,19.822197,0.43004724,72,Parque D.Pedro II,2018-09-05 15:00:00-03:00
2018-09-05 19:00:00,19.822197,0.43004724,72,Parque D.Pedro II,2018-09-05 16:00:00-03:00
2018-09-05 20:00:00,19.822197,0.43004724,72,Parque D.Pedro II,2018-09-05 17:00:00-03:00
2018-09-05 21:00:00,19.822197,0.43004724,72,Parque D.Pedro II,2018-09-05 18:00:00-03:00
2018-09-05 22:00:00,19.822197,0.43004724,72,Parque D.Pedro II,2018-09-05 19:00:00-03:00
2018-09-05 23:00:00,19.822197,0.43004724,72,Parque D.Pedro II,2018-09-05 20:00:00-03:00
2018-09-06 00:00:00,0.0,0.0011691534,72,Parque D.Pedro II,2018-09-05 21:00:00-03:00
2018-09-06 01:00:00,0.0,0.0015733049,72,Parque D.Pedro II,2018-09-05 22:00:00-03:00
2018-09-06 02:00:00,0.0,0.0065993466,72,Parque D.Pedro II,2018-09-05 23:00:00-03:00
2018-09-06 03:00:00,0.0,0.008555053,72,Parque D.Pedro II,2018-09-06 00:00:00-03:00
2018-09-06 04:00:00,0.0,0.008555053,72,Parque D.Pedro II,2018-09-06 01:00:00-03:00
2018-09-06 05:00:00,0.0,0.009665273,72,Parque D.Pedro II,2018-09-06 02:00:00-03:00
2018-09-06 06:00:00,0.0,0.019474387,72,Parque D.Pedro II,2018-09-06 03:00:00-03:00
2018-09-06 07:00:00,0.0,0.020033294,72,Parque D.Pedro II,2018-09-06 04:00:00-03:00
2018-09-06 08:00:00,0.0,0.020868344,72,Parque D.Pedro II,2018-09-06 05:00:00-03:00
2018-09-06 09:00:00,0.0,0.020872459,72,Parque D.Pedro II,2018-09-06 06:00:00-03:00
2018-09-06 10:00:00,0.0,0.020872466,72,Parque D.Pedro II,2018-09-06 07:00:00-03:00
2018-09-06 11:00:00,0.0,0.020872466,72,Parque D.Pedro II,2018-09-06 08:00:00-03:00
2018-09-06 12:00:00,0.0,0.020872466,72,Parque D.Pedro II,2018-09-06 09:00:00-03:00
2018-09-06 13:00:00,0.0,0.020872466,72,Parque D.Pedro II,2018-09-06 10:00:00-03:00
2018-09-06 14:00:00,0.0,0.020872466,72,Parque D.Pedro II,2018-09-06 11:00:00-03:00
2018-09-06 15:00:00,0.0,0.020872466,72,Parque D.Pedro II,2018-09-06 12:00:00-03:00
2018-09-06 16:00:00,0.0,0.020872466,72,Parque D.Pedro II,2018-09-06 13:00:00-03:00
2018-09-06 17:00:00,0.0,0.020872466,72,Parque D.Pedro II,2018-09-06 14:00:00-03:00
2018-09-06 18:00:00,0.0,0.020872466,72,Parque D.Pedro II,2018-09-06 15:00:00-03:00
2018-09-06 19:00:00,0.0,0.020872466,72,Parque D.Pedro II,2018-09-06 16:00:00-03:00
2018-09-06 20:00:00,0.0,0.020872466,72,Parque D.Pedro II,2018-09-06 17:00:00-03:00
2018-09-06 21:00:00,0.0,0.020872466,72,Parque D.Pedro II,2018-09-06 18:00:00-03:00
2018-09-06 22:00:00,0.0,0.020872466,72,Parque D.Pedro II,2018-09-06 19:00:00-03:00
2018-09-06 23:00:00,0.0,0.020872466,72,Parque D.Pedro II,2018-09-06 20:00:00-03:00
2018-09-07 00:00:00,0.0,0.020872466,72,Parque D.Pedro II,2018-09-06 21:00:00-03:00
2018-09-07 01:00:00,0.0,0.020872466,72,Parque D.Pedro II,2018-09-06 22:00:00-03:00
2018-09-07 02:00:00,0.0,0.020872466,72,Parque D.Pedro II,2018-09-06 23:00:00-03:00
2018-09-07 03:00:00,0.0,0.020872466,72,Parque D.Pedro II,2018-09-07 00:00:00-03:00
2018-09-07 04:00:00,0.0,0.020872466,72,Parque D.Pedro II,2018-09-07 01:00:00-03:00
2018-09-07 05:00:00,0.0,0.020872466,72,Parque D.Pedro II,2018-09-07 02:00:00-03:00
2018-09-07 06:00:00,0.0,0.020872466,72,Parque D.Pedro II,2018-09-07 03:00:00-03:00
2018-09-07 07:00:00,0.0,0.020872466,72,Parque D.Pedro II,2018-09-07 04:00:00-03:00
2018-09-07 08:00:00,0.0,0.020872466,72,Parque D.Pedro II,2018-09-07 05:00:00-03:00
2018-09-07 09:00:00,0.0,0.020872466,72,Parque D.Pedro II,2018-09-07 06:00:00-03:00
2018-09-07 10:00:00,0.0,0.020872466,72,Parque D.Pedro II,2018-09-07 07:00:00-03:00
2018-09-07 11:00:00,0.0,0.020872466,72,Parque D.Pedro II,2018-09-07 08:00:00-03:00
2018-09-07 12:00:00,0.0,0.020872466,72,Parque D.Pedro II,2018-09-07 09:00:00-03:00
2018-09-07 13:00:00,0.0,0.020872466,72,Parque D.Pedro II,2018-09-07 10:00:00-03:00
2018-09-07 14:00:00,0.0,0.020872466,72,Parque D.Pedro II,2018-09-07 11:00:00-03:00
2018-09-07 15:00:00,0.0,0.020872466,72,Parque D.Pedro II,2018-09-07 12:00:00-03:00
2018-09-07 16:00:00,0.0,0.020872466,72,Parque D.Pedro II,2018-09-07 13:00:00-03:00
2018-09-07 17:00:00,0.0,0.020872466,72,Parque D.Pedro II,2018-09-07 14:00:00-03:00
2018-09-07 18:00:00,0.0,0.020872466,72,Parque D.Pedro II,2018-09-07 15:00:00-03:00
2018-09-07 19:00:00,0.0,0.020872466,72,Parque D.Pedro II,2018-09-07 16:00:00-03:00
2018-09-07 20:00:00,0.0,0.020872466,72,Parque D.Pedro II,2018-09-07 17:00:00-03:00
2018-09-07 21:00:00,0.0,0.020872466,72,Parque D.Pedro II,2018-09-07 18:00:00-03:00
2018-09-07 22:00:00,0.0,0.020872466,72,Parque D.Pedro II,2018-09-07 19:00:00-03:00
2018-09-07 23:00:00,0.0,0.020872466,72,Parque D.Pedro II,2018-09-07 20:00:00-03:00
2018-09-08 00:00:00,0.0,0.020872466,72,Parque D.Pedro II,2018-09-07 21:00:00-03:00
2018-09-08 01:00:00,0.0,0.020872466,72,Parque D.Pedro II,2018-09-07 22:00:00-03:00
2018-09-08 02:00:00,0.0,0.020872466,72,Parque D.Pedro II,2018-09-07 23:00:00-03:00
2018-09-08 03:00:00,0.0,0.020872466,72,Parque D.Pedro II,2018-09-08 00:00:00-03:00
2018-09-08 04:00:00,0.0,0.020872466,72,Parque D.Pedro II,2018-09-08 01:00:00-03:00
2018-09-08 05:00:00,0.0,0.020872466,72,Parque D.Pedro II,2018-09-08 02:00:00-03:00
2018-09-08 06:00:00,0.0,0.020872466,72,Parque D.Pedro II,2018-09-08 03:00:00-03:00
2018-09-08 07:00:00,0.0,0.020872466,72,Parque D.Pedro II,2018-09-08 04:00:00-03:00
2018-09-08 08:00:00,0.0,0.020872466,72,Parque D.Pedro II,2018-09-08 05:00:00-03:00
2018-09-08 09:00:00,0.0,0.020872466,72,Parque D.Pedro II,2018-09-08 06:00:00-03:00
2018-09-08 10:00:00,0.0,0.020872466,72,Parque D.Pedro II,2018-09-08 07:00:00-03:00
2018-09-08 11:00:00,0.0,0.020872466,72,Parque D.Pedro II,2018-09-08 08:00:00-03:00
2018-09-08 12:00:00,0.0,0.020872466,72,Parque D.Pedro II,2018-09-08 09:00:00-03:00
2018-09-08 13:00:00,0.0,0.020872466,72,Parque D.Pedro II,2018-09-08 10:00:00-03:00
2018-09-08 14:00:00,0.0,0.020872466,72,Parque D.Pedro II,2018-09-08 11:00:00-03:00
2018-09-08 15:00:00,0.0,0.020872466,72,Parque D.Pedro II,2018-09-08 12:00:00-03:00
2018-09-08 16:00:00,0.0,0.020872466,72,Parque D.Pedro II,2018-09-08 13:00:00-03:00
2018-09-08 17:00:00,0.0,0.020872466,72,Parque D.Pedro II,2018-09-08 14:00:00-03:00
2018-09-08 18:00:00,0.0,0.020872466,72,Parque D.Pedro II,2018-09-08 15:00:00-03:00
2018-09-08 19:00:00,0.0,0.020872466,72,Parque D.Pedro II,2018-09-08 16:00:00-03:00
2018-09-08 20:00:00,0.0,0.020872466,72,Parque D.Pedro II,2018-09-08 17:00:00-03:00
2018-09-08 21:00:00,0.0,0.020872466,72,Parque D.Pedro II,2018-09-08 18:00:00-03:00
2018-09-08 22:00:00,0.0,0.020872466,72,Parque D.Pedro II,2018-09-08 19:00:00-03:00
2018-09-08 23:00:00,0.0,0.020872466,72,Parque D.Pedro II,2018-09-08 20:00:00-03:00
2018-09-09 00:00:00,0.0,0.020872466,72,Parque D.Pedro II,2018-09-08 21:00:00-03:00
2018-09-09 01:00:00,0.0,0.020872466,72,Parque D.Pedro II,2018-09-08 22:00:00-03:00
2018-09-09 02:00:00,0.0,0.020872466,72,Parque D.Pedro II,2018-09-08 23:00:00-03:00
2018-09-09 03:00:00,0.0,0.020872466,72,Parque D.Pedro II,2018-09-09 00:00:00-03:00
2018-09-09 04:00:00,0.0,0.020872466,72,Parque D.Pedro II,2018-09-09 01:00:00-03:00
2018-09-09 05:00:00,0.0,0.020872466,72,Parque D.Pedro II,2018-09-09 02:00:00-03:00
2018-09-09 06:00:00,0.0,0.020872466,72,Parque D.Pedro II,2018-09-09 03:00:00-03:00
2018-09-09 07:00:00,0.0,0.020872466,72,Parque D.Pedro II,2018-09-09 04:00:00-03:00
2018-09-09 08:00:00,0.0,0.020872466,72,Parque D.Pedro II,2018-09-09 05:00:00-03:00
2018-09-09 09:00:00,0.0,0.020872466,72,Parque D.Pedro II,2018-09-09 06:00:00-03:00
2018-09-09 10:00:00,0.0,0.020872466,72,Parque D.Pedro II,2018-09-09 07:00:00-03:00
2018-09-09 11:00:00,0.0,0.020872466,72,Parque D.Pedro II,2018-09-09 08:00:00-03:00
2018-09-09 12:00:00,0.0,0.020872466,72,Parque D.Pedro II,2018-09-09 09:00:00-03:00
2018-09-09 13:00:00,0.0,0.020872466,72,Parque D.Pedro II,2018-09-09 10:00:00-03:00
2018-09-09 14:00:00,0.0,0.020872466,72,Parque D.Pedro II,2018-09-09 11:00:00-03:00
2018-09-09 15:00:00,0.0,0.020872466,72,Parque D.Pedro II,2018-09-09 12:00:00-03:00
2018-09-09 16:00:00,0.0,0.020872466,72,Parque D.Pedro II,2018-09-09 13:00:00-03:00
2018-09-09 17:00:00,0.0,0.020872466,72,Parque D.Pedro II,2018-09-09 14:00:00-03:00
2018-09-09 18:00:00,0.0,0.020872466,72,Parque D.Pedro II,2018-09-09 15:00:00-03:00
2018-09-09 19:00:00,0.0,0.020872466,72,Parque D.Pedro II,2018-09-09 16:00:00-03:00
2018-09-09 20:00:00,0.0,0.020872466,72,Parque D.Pedro II,2018-09-09 17:00:00-03:00
2018-09-09 21:00:00,0.0,0.020872466,72,Parque D.Pedro II,2018-09-09 18:00:00-03:00
2018-09-09 22:00:00,0.0,0.020872466,72,Parque D.Pedro II,2018-09-09 19:00:00-03:00
2018-09-09 23:00:00,0.0,0.020872466,72,Parque D.Pedro II,2018-09-09 20:00:00-03:00
2018-09-10 00:00:00,0.0,0.020872466,72,Parque D.Pedro II,2018-09-09 21:00:00-03:00
2018-09-10 01:00:00,0.0,0.020872466,72,Parque D.Pedro II,2018-09-09 22:00:00-03:00
2018-09-10 02:00:00,0.0,0.020872466,72,Parque D.Pedro II,2018-09-09 23:00:00-03:00
2018-09-10 03:00:00,0.0,0.020872466,72,Parque D.Pedro II,2018-09-10 00:00:00-03:00
2018-09-10 04:00:00,0.0,0.020872466,72,Parque D.Pedro II,2018-09-10 01:00:00-03:00
2018-09-10 05:00:00,0.0,0.020872466,72,Parque D.Pedro II,2018-09-10 02:00:00-03:00
2018-09-10 06:00:00,0.0,0.020872466,72,Parque D.Pedro II,2018-09-10 03:00:00-03:00
2018-09-10 07:00:00,0.0,0.020872466,72,Parque D.Pedro II,2018-09-10 04:00:00-03:00
2018-09-10 08:00:00,0.0,0.020872466,72,Parque D.Pedro II,2018-09-10 05:00:00-03:00
2018-09-10 09:00:00,0.0,0.020872466,72,Parque D.Pedro II,2018-09-10 06:00:00-03:00
2018-09-10 10:00:00,0.0,0.020872466,72,Parque D.Pedro II,2018-09-10 07:00:00-03:00
2018-09-10 11:00:00,0.0,0.020872466,72,Parque D.Pedro II,2018-09-10 08:00:00-03:00
2018-09-10 12:00:00,0.0,0.020872466,72,Parque D.Pedro II,2018-09-10 09:00:00-03:00
2018-09-10 13:00:00,0.0,0.020872466,72,Parque D.Pedro II,2018-09-10 10:00:00-03:00
2018-09-10 14:00:00,0.0,0.020872466,72,Parque D.Pedro II,2018-09-10 11:00:00-03:00
2018-09-10 15:00:00,0.0,0.020872466,72,Parque D.Pedro II,2018-09-10 12:00:00-03:00
2018-09-10 16:00:00,0.0,0.020872466,72,Parque D.Pedro II,2018-09-10 13:00:00-03:00
2018-09-10 17:00:00,0.0,0.020872466,72,Parque D.Pedro II,2018-09-10 14:00:00-03:00
2018-09-10 18:00:00,0.0,0.020872466,72,Parque D.Pedro II,2018-09-10 15:00:00-03:00
2018-09-10 19:00:00,0.0,0.020872466,72,Parque D.Pedro II,2018-09-10 16:00:00-03:00
2018-09-10 20:00:00,0.0,0.020872466,72,Parque D.Pedro II,2018-09-10 17:00:00-03:00
2018-09-10 21:00:00,0.0,0.020872466,72,Parque D.Pedro II,2018-09-10 18:00:00-03:00
2018-09-10 22:00:00,0.0,0.020872466,72,Parque D.Pedro II,2018-09-10 19:00:00-03:00
2018-09-10 23:00:00,0.0,0.020872466,72,Parque D.Pedro II,2018-09-10 20:00:00-03:00
2018-09-11 00:00:00,0.0,0.024340427,72,Parque D.Pedro II,2018-09-10 21:00:00-03:00
2018-09-11 01:00:00,0.0,0.024340427,72,Parque D.Pedro II,2018-09-10 22:00:00-03:00
2018-09-11 02:00:00,0.0,0.024340427,72,Parque D.Pedro II,2018-09-10 23:00:00-03:00
2018-09-11 03:00:00,0.0,0.024340427,72,Parque D.Pedro II,2018-09-11 00:00:00-03:00
2018-09-11 04:00:00,0.0,0.024340427,72,Parque D.Pedro II,2018-09-11 01:00:00-03:00
2018-09-11 05:00:00,0.0,0.024340427,72,Parque D.Pedro II,2018-09-11 02:00:00-03:00
2018-09-11 06:00:00,0.0,0.024340427,72,Parque D.Pedro II,2018-09-11 03:00:00-03:00
2018-09-11 07:00:00,0.0,0.024340427,72,Parque D.Pedro II,2018-09-11 04:00:00-03:00
2018-09-11 08:00:00,0.0,0.024340427,72,Parque D.Pedro II,2018-09-11 05:00:00-03:00
2018-09-11 09:00:00,0.0,0.024340427,72,Parque D.Pedro II,2018-09-11 06:00:00-03:00
2018-09-11 10:00:00,0.0,0.024340427,72,Parque D.Pedro II,2018-09-11 07:00:00-03:00
2018-09-11 11:00:00,0.0,0.024340427,72,Parque D.Pedro II,2018-09-11 08:00:00-03:00
2018-09-11 12:00:00,0.0,0.024340427,72,Parque D.Pedro II,2018-09-11 09:00:00-03:00
2018-09-11 13:00:00,0.0,0.024340427,72,Parque D.Pedro II,2018-09-11 10:00:00-03:00
2018-09-11 14:00:00,0.0,0.024340427,72,Parque D.Pedro II,2018-09-11 11:00:00-03:00
2018-09-11 15:00:00,0.0,0.024340427,72,Parque D.Pedro II,2018-09-11 12:00:00-03:00
2018-09-11 16:00:00,0.0,0.024340427,72,Parque D.Pedro II,2018-09-11 13:00:00-03:00
2018-09-11 17:00:00,0.0,0.024340427,72,Parque D.Pedro II,2018-09-11 14:00:00-03:00
2018-09-11 18:00:00,0.0,0.024340427,72,Parque D.Pedro II,2018-09-11 15:00:00-03:00
2018-09-11 19:00:00,0.0,0.024340427,72,Parque D.Pedro II,2018-09-11 16:00:00-03:00
2018-09-11 20:00:00,0.0,0.024340427,72,Parque D.Pedro II,2018-09-11 17:00:00-03:00
2018-09-11 21:00:00,0.0,0.024340427,72,Parque D.Pedro II,2018-09-11 18:00:00-03:00
2018-09-11 22:00:00,0.0,0.024340427,72,Parque D.Pedro II,2018-09-11 19:00:00-03:00
2018-09-11 23:00:00,0.0,0.028304096,72,Parque D.Pedro II,2018-09-11 20:00:00-03:00
2018-09-12 00:00:00,0.0,0.047239974,72,Parque D.Pedro II,2018-09-11 21:00:00-03:00
2018-09-12 01:00:00,0.0,0.054654703,72,Parque D.Pedro II,2018-09-11 22:00:00-03:00
2018-09-12 02:00:00,0.0,0.055626027,72,Parque D.Pedro II,2018-09-11 23:00:00-03:00
2018-09-12 03:00:00,0.0,0.059988618,72,Parque D.Pedro II,2018-09-12 00:00:00-03:00
2018-09-12 04:00:00,0.0,0.06086262,72,Parque D.Pedro II,2018-09-12 01:00:00-03:00
2018-09-12 05:00:00,0.0,0.06086262,72,Parque D.Pedro II,2018-09-12 02:00:00-03:00
2018-09-12 06:00:00,0.0,0.06086262,72,Parque D.Pedro II,2018-09-12 03:00:00-03:00
2018-09-12 07:00:00,0.0,0.06099603,72,Parque D.Pedro II,2018-09-12 04:00:00-03:00
2018-09-12 08:00:00,0.0,0.063957095,72,Parque D.Pedro II,2018-09-12 05:00:00-03:00
2018-09-12 09:00:00,0.0,0.0668084,72,Parque D.Pedro II,2018-09-12 06:00:00-03:00
2018-09-12 10:00:00,0.0,0.07535248,72,Parque D.Pedro II,2018-09-12 07:00:00-03:00
2018-09-12 11:00:00,0.0,0.07761923,72,Parque D.Pedro II,2018-09-12 08:00:00-03:00
2018-09-12 12:00:00,0.0,0.07761923,72,Parque D.Pedro II,2018-09-12 09:00:00-03:00
2018-09-12 13:00:00,0.0,0.07761923,72,Parque D.Pedro II,2018-09-12 10:00:00-03:00
2018-09-12 14:00:00,0.0,0.07761923,72,Parque D.Pedro II,2018-09-12 11:00:00-03:00
2018-09-12 15:00:00,0.0,0.07761923,72,Parque D.Pedro II,2018-09-12 12:00:00-03:00
2018-09-12 16:00:00,0.0,0.07761923,72,Parque D.Pedro II,2018-09-12 13:00:00-03:00
2018-09-12 17:00:00,0.0,0.07761923,72,Parque D.Pedro II,2018-09-12 14:00:00-03:00
2018-09-12 18:00:00,0.0,0.07761923,72,Parque D.Pedro II,2018-09-12 15:00:00-03:00
2018-09-12 19:00:00,0.0,0.07761923,72,Parque D.Pedro II,2018-09-12 16:00:00-03:00
2018-09-12 20:00:00,0.0,0.07761923,72,Parque D.Pedro II,2018-09-12 17:00:00-03:00
2018-09-12 21:00:00,0.0,0.08311123,72,Parque D.Pedro II,2018-09-12 18:00:00-03:00
2018-09-12 22:00:00,0.0,0.08402558,72,Parque D.Pedro II,2018-09-12 19:00:00-03:00
2018-09-12 23:00:00,0.0,0.08402558,72,Parque D.Pedro II,2018-09-12 20:00:00-03:00
2018-09-13 00:00:00,0.0,0.084709294,72,Parque D.Pedro II,2018-09-12 21:00:00-03:00
2018-09-13 01:00:00,0.0,0.086549625,72,Parque D.Pedro II,2018-09-12 22:00:00-03:00
2018-09-13 02:00:00,0.0,0.08665583,72,Parque D.Pedro II,2018-09-12 23:00:00-03:00
2018-09-13 03:00:00,0.0,0.08665583,72,Parque D.Pedro II,2018-09-13 00:00:00-03:00
2018-09-13 04:00:00,0.0,0.08672977,72,Parque D.Pedro II,2018-09-13 01:00:00-03:00
2018-09-13 05:00:00,0.0,0.088493176,72,Parque D.Pedro II,2018-09-13 02:00:00-03:00
2018-09-13 06:00:00,0.0,0.091243856,72,Parque D.Pedro II,2018-09-13 03:00:00-03:00
2018-09-13 07:00:00,0.0,0.09192373,72,Parque D.Pedro II,2018-09-13 04:00:00-03:00
2018-09-13 08:00:00,0.0,0.09322975,72,Parque D.Pedro II,2018-09-13 05:00:00-03:00
2018-09-13 09:00:00,0.0,0.093533985,72,Parque D.Pedro II,2018-09-13 06:00:00-03:00
2018-09-13 10:00:00,0.0,0.093533985,72,Parque D.Pedro II,2018-09-13 07:00:00-03:00
2018-09-13 11:00:00,0.0,0.093533985,72,Parque D.Pedro II,2018-09-13 08:00:00-03:00
2018-09-13 12:00:00,0.0,0.093533985,72,Parque D.Pedro II,2018-09-13 09:00:00-03:00
2018-09-13 13:00:00,0.0,0.093533985,72,Parque D.Pedro II,2018-09-13 10:00:00-03:00
2018-09-13 14:00:00,0.0,0.093533985,72,Parque D.Pedro II,2018-09-13 11:00:00-03:00
2018-09-13 15:00:00,0.0,0.093533985,72,Parque D.Pedro II,2018-09-13 12:00:00-03:00
2018-09-13 16:00:00,0.2858865,0.093533985,72,Parque D.Pedro II,2018-09-13 13:00:00-03:00
2018-09-13 17:00:00,2.0482583,0.095169626,72,Parque D.Pedro II,2018-09-13 14:00:00-03:00
2018-09-13 18:00:00,2.0520267,0.095169626,72,Parque D.Pedro II,2018-09-13 15:00:00-03:00
2018-09-13 19:00:00,3.4239454,0.09815345,72,Parque D.Pedro II,2018-09-13 16:00:00-03:00
2018-09-13 20:00:00,4.1230507,0.10281123,72,Parque D.Pedro II,2018-09-13 17:00:00-03:00
2018-09-13 21:00:00,4.1230507,0.10281123,72,Parque D.Pedro II,2018-09-13 18:00:00-03:00
2018-09-13 22:00:00,5.1025624,0.10699169,72,Parque D.Pedro II,2018-09-13 19:00:00-03:00
2018-09-13 23:00:00,5.1025624,0.10699169,72,Parque D.Pedro II,2018-09-13 20:00:00-03:00
2018-09-14 00:00:00,5.1025624,0.10699169,72,Parque D.Pedro II,2018-09-13 21:00:00-03:00
2018-09-14 01:00:00,5.1025624,0.10699169,72,Parque D.Pedro II,2018-09-13 22:00:00-03:00
2018-09-14 02:00:00,5.1025624,0.10699169,72,Parque D.Pedro II,2018-09-13 23:00:00-03:00
2018-09-14 03:00:00,5.1025624,0.10699169,72,Parque D.Pedro II,2018-09-14 00:00:00-03:00
2018-09-14 04:00:00,5.2043347,0.10699169,72,Parque D.Pedro II,2018-09-14 01:00:00-03:00
2018-09-14 05:00:00,5.2043347,0.10699169,72,Parque D.Pedro II,2018-09-14 02:00:00-03:00
2018-09-14 06:00:00,5.388022,0.10699169,72,Parque D.Pedro II,2018-09-14 03:00:00-03:00
2018-09-14 07:00:00,5.7518005,0.10699169,72,Parque D.Pedro II,2018-09-14 04:00:00-03:00
2018-09-14 08:00:00,5.7518005,0.10699169,72,Parque D.Pedro II,2018-09-14 05:00:00-03:00
2018-09-14 09:00:00,6.063828,0.10727236,72,Parque D.Pedro II,2018-09-14 06:00:00-03:00
2018-09-14 10:00:00,6.063828,0.11004796,72,Parque D.Pedro II,2018-09-14 07:00:00-03:00
2018-09-14 11:00:00,6.063828,0.110069044,72,Parque D.Pedro II,2018-09-14 08:00:00-03:00
2018-09-14 12:00:00,6.063828,0.11049743,72,Parque D.Pedro II,2018-09-14 09:00:00-03:00
2018-09-14 13:00:00,6.063828,0.111259155,72,Parque D.Pedro II,2018-09-14 10:00:00-03:00
2018-09-14 14:00:00,6.063828,0.111259155,72,Parque D.Pedro II,2018-09-14 11:00:00-03:00
2018-09-14 15:00:00,6.071013,0.111259155,72,Parque D.Pedro II,2018-09-14 12:00:00-03:00
2018-09-14 16:00:00,7.9683747,0.111259155,72,Parque D.Pedro II,2018-09-14 13:00:00-03:00
2018-09-14 17:00:00,11.62881,0.16355516,72,Parque D.Pedro II,2018-09-14 14:00:00-03:00
2018-09-14 18:00:00,12.038638,0.22079268,72,Parque D.Pedro II,2018-09-14 15:00:00-03:00
2018-09-14 19:00:00,13.649248,0.2528999,72,Parque D.Pedro II,2018-09-14 16:00:00-03:00
2018-09-14 20:00:00,13.649248,0.26945466,72,Parque D.Pedro II,2018-09-14 17:00:00-03:00
2018-09-14 21:00:00,13.666917,0.27033496,72,Parque D.Pedro II,2018-09-14 18:00:00-03:00
2018-09-14 22:00:00,14.234716,0.2730865,72,Parque D.Pedro II,2018-09-14 19:00:00-03:00
2018-09-14 23:00:00,14.234716,0.286578,72,Parque D.Pedro II,2018-09-14 20:00:00-03:00
2018-09-15 00:00:00,14.234716,0.28760165,72,Parque D.Pedro II,2018-09-14 21:00:00-03:00
2018-09-15 01:00:00,14.234716,0.28760165,72,Parque D.Pedro II,2018-09-14 22:00:00-03:00
2018-09-15 02:00:00,14.507257,0.28760165,72,Parque D.Pedro II,2018-09-14 23:00:00-03:00
2018-09-15 03:00:00,14.650532,0.28943953,72,Parque D.Pedro II,2018-09-15 00:00:00-03:00
2018-09-15 04:00:00,14.650532,0.28943953,72,Parque D.Pedro II,2018-09-15 01:00:00-03:00
2018-09-15 05:00:00,14.650532,0.28943953,72,Parque D.Pedro II,2018-09-15 02:00:00-03:00
2018-09-15 06:00:00,14.650532,0.28943953,72,Parque D.Pedro II,2018-09-15 03:00:00-03:00
2018-09-15 07:00:00,14.650532,0.28943953,72,Parque D.Pedro II,2018-09-15 04:00:00-03:00
2018-09-15 08:00:00,14.650532,0.28943953,72,Parque D.Pedro II,2018-09-15 05:00:00-03:00
2018-09-15 09:00:00,14.650532,0.28943953,72,Parque D.Pedro II,2018-09-15 06:00:00-03:00
2018-09-15 10:00:00,14.650532,0.30898237,72,Parque D.Pedro II,2018-09-15 07:00:00-03:00
2018-09-15 11:00:00,14.650532,0.31372228,72,Parque D.Pedro II,2018-09-15 08:00:00-03:00
2018-09-15 12:00:00,16.097689,0.31591138,72,Parque D.Pedro II,2018-09-15 09:00:00-03:00
2018-09-15 13:00:00,18.873392,0.3164567,72,Parque D.Pedro II,2018-09-15 10:00:00-03:00
2018-09-15 14:00:00,21.06918,0.3171383,72,Parque D.Pedro II,2018-09-15 11:00:00-03:00
2018-09-15 15:00:00,24.387835,0.46687987,72,Parque D.Pedro II,2018-09-15 12:00:00-03:00
2018-09-15 16:00:00,24.983402,0.47702926,72,Parque D.Pedro II,2018-09-15 13:00:00-03:00
2018-09-15 17:00:00,25.005066,0.47702926,72,Parque D.Pedro II,2018-09-15 14:00:00-03:00
2018-09-15 18:00:00,25.005066,0.47702926,72,Parque D.Pedro II,2018-09-15 15:00:00-03:00
2018-09-15 19:00:00,25.005066,0.47702926,72,Parque D.Pedro II,2018-09-15 16:00:00-03:00
2018-09-15 20:00:00,25.005066,0.47702926,72,Parque D.Pedro II,2018-09-15 17:00:00-03:00
2018-09-15 21:00:00,25.005066,0.47702926,72,Parque D.Pedro II,2018-09-15 18:00:00-03:00
2018-09-15 22:00:00,25.005066,0.47702926,72,Parque D.Pedro II,2018-09-15 19:00:00-03:00
2018-09-15 23:00:00,25.005066,0.47702926,72,Parque D.Pedro II,2018-09-15 20:00:00-03:00
2018-09-16 00:00:00,1.9956146,0.206646,72,Parque D.Pedro II,2018-09-15 21:00:00-03:00
2018-09-16 01:00:00,1.9956146,0.206646,72,Parque D.Pedro II,2018-09-15 22:00:00-03:00
2018-09-16 02:00:00,1.9956146,0.20741002,72,Parque D.Pedro II,2018-09-15 23:00:00-03:00
2018-09-16 03:00:00,1.9956146,0.20807098,72,Parque D.Pedro II,2018-09-16 00:00:00-03:00
2018-09-16 04:00:00,1.9956146,0.2082127,72,Parque D.Pedro II,2018-09-16 01:00:00-03:00
2018-09-16 05:00:00,1.9956146,0.20850576,72,Parque D.Pedro II,2018-09-16 02:00:00-03:00
2018-09-16 06:00:00,1.9956146,0.21309537,72,Parque D.Pedro II,2018-09-16 03:00:00-03:00
2018-09-16 07:00:00,1.9956146,0.21339552,72,Parque D.Pedro II,2018-09-16 04:00:00-03:00
2018-09-16 08:00:00,1.9956146,0.21341342,72,Parque D.Pedro II,2018-09-16 05:00:00-03:00
2018-09-16 09:00:00,1.9956146,0.21391766,72,Parque D.Pedro II,2018-09-16 06:00:00-03:00
2018-09-16 10:00:00,1.9956146,0.21438277,72,Parque D.Pedro II,2018-09-16 07:00:00-03:00
2018-09-16 11:00:00,1.9956146,0.21438766,72,Parque D.Pedro II,2018-09-16 08:00:00-03:00
2018-09-16 12:00:00,1.9956146,0.21438766,72,Parque D.Pedro II,2018-09-16 09:00:00-03:00
2018-09-16 13:00:00,1.9956146,0.21438766,72,Parque D.Pedro II,2018-09-16 10:00:00-03:00
2018-09-16 14:00:00,1.9956146,0.21438766,72,Parque D.Pedro II,2018-09-16 11:00:00-03:00
2018-09-16 15:00:00,1.9956146,0.21438766,72,Parque D.Pedro II,2018-09-16 12:00:00-03:00
2018-09-16 16:00:00,1.9956146,0.21438766,72,Parque D.Pedro II,2018-09-16 13:00:00-03:00
2018-09-16 17:00:00,1.9956146,0.2143933,72,Parque D.Pedro II,2018-09-16 14:00:00-03:00
2018-09-16 18:00:00,1.9956146,0.22742993,72,Parque D.Pedro II,2018-09-16 15:00:00-03:00
2018-09-16 19:00:00,1.9956146,0.22742993,72,Parque D.Pedro II,2018-09-16 16:00:00-03:00
2018-09-16 20:00:00,1.9956146,0.22742993,72,Parque D.Pedro II,2018-09-16 17:00:00-03:00
2018-09-16 21:00:00,1.9956146,0.22742993,72,Parque D.Pedro II,2018-09-16 18:00:00-03:00
2018-09-16 22:00:00,1.9956146,0.22742993,72,Parque D.Pedro II,2018-09-16 19:00:00-03:00
2018-09-16 23:00:00,1.9956146,0.22742993,72,Parque D.Pedro II,2018-09-16 20:00:00-03:00
2018-09-17 00:00:00,1.9956146,0.22742993,72,Parque D.Pedro II,2018-09-16 21:00:00-03:00
2018-09-17 01:00:00,1.9956146,0.22742993,72,Parque D.Pedro II,2018-09-16 22:00:00-03:00
2018-09-17 02:00:00,1.9956146,0.22742993,72,Parque D.Pedro II,2018-09-16 23:00:00-03:00
2018-09-17 03:00:00,1.9956146,0.22742993,72,Parque D.Pedro II,2018-09-17 00:00:00-03:00
2018-09-17 04:00:00,1.9956146,0.22764151,72,Parque D.Pedro II,2018-09-17 01:00:00-03:00
2018-09-17 05:00:00,1.9956146,0.23020718,72,Parque D.Pedro II,2018-09-17 02:00:00-03:00
2018-09-17 06:00:00,1.9956146,0.23359676,72,Parque D.Pedro II,2018-09-17 03:00:00-03:00
2018-09-17 07:00:00,1.9956146,0.24135453,72,Parque D.Pedro II,2018-09-17 04:00:00-03:00
2018-09-17 08:00:00,1.9956146,0.3390789,72,Parque D.Pedro II,2018-09-17 05:00:00-03:00
2018-09-17 09:00:00,1.9956146,0.3409165,72,Parque D.Pedro II,2018-09-17 06:00:00-03:00
2018-09-17 10:00:00,1.9956146,0.39268482,72,Parque D.Pedro II,2018-09-17 07:00:00-03:00
2018-09-17 11:00:00,1.9956146,1.168191,72,Parque D.Pedro II,2018-09-17 08:00:00-03:00
2018-09-17 12:00:00,1.9956146,1.6946048,72,Parque D.Pedro II,2018-09-17 09:00:00-03:00
2018-09-17 13:00:00,2.0170307,1.7006233,72,Parque D.Pedro II,2018-09-17 10:00:00-03:00
2018-09-17 14:00:00,2.0232935,1.7020383,72,Parque D.Pedro II,2018-09-17 11:00:00-03:00
2018-09-17 15:00:00,2.0232935,1.7060857,72,Parque D.Pedro II,2018-09-17 12:00:00-03:00
2018-09-17 16:00:00,2.3316855,1.70618,72,Parque D.Pedro II,2018-09-17 13:00:00-03:00
2018-09-17 17:00:00,4.3903,1.7154402,72,Parque D.Pedro II,2018-09-17 14:00:00-03:00
2018-09-17 18:00:00,4.95306,1.7157646,72,Parque D.Pedro II,2018-09-17 15:00:00-03:00
2018-09-17 19:00:00,4.9641023,1.7157991,72,Parque D.Pedro II,2018-09-17 16:00:00-03:00
2018-09-17 20:00:00,4.9641023,1.7157991,72,Parque D.Pedro II,2018-09-17 17:00:00-03:00
2018-09-17 21:00:00,6.385778,1.716236,72,Parque D.Pedro II,2018-09-17 18:00:00-03:00
2018-09-17 22:00:00,8.85321,1.7927488,72,Parque D.Pedro II,2018-09-17 19:00:00-03:00
2018-09-17 23:00:00,11.386032,2.110468,72,Parque D.Pedro II,2018-09-17 20:00:00-03:00
2018-09-18 00:00:00,11.388636,2.12719,72,Parque D.Pedro II,2018-09-17 21:00:00-03:00
2018-09-18 01:00:00,11.388636,2.12719,72,Parque D.Pedro II,2018-09-17 22:00:00-03:00
2018-09-18 02:00:00,11.388636,2.12719,72,Parque D.Pedro II,2018-09-17 23:00:00-03:00
2018-09-18 03:00:00,11.388636,2.12719,72,Parque D.Pedro II,2018-09-18 00:00:00-03:00
2018-09-18 04:00:00,11.388636,2.1277537,72,Parque D.Pedro II,2018-09-18 01:00:00-03:00
2018-09-18 05:00:00,12.358518,2.1334293,72,Parque D.Pedro II,2018-09-18 02:00:00-03:00
2018-09-18 06:00:00,13.082168,2.1727555,72,Parque D.Pedro II,2018-09-18 03:00:00-03:00
2018-09-18 07:00:00,13.082168,2.3159554,72,Parque D.Pedro II,2018-09-18 04:00:00-03:00
2018-09-18 08:00:00,13.082168,2.3278985,72,Parque D.Pedro II,2018-09-18 05:00:00-03:00
2018-09-18 09:00:00,14.809873,2.785671,72,Parque D.Pedro II,2018-09-18 06:00:00-03:00
2018-09-18 10:00:00,14.934676,3.106038,72,Parque D.Pedro II,2018-09-18 07:00:00-03:00
2018-09-18 11:00:00,14.934676,3.138783,72,Parque D.Pedro II,2018-09-18 08:00:00-03:00
2018-09-18 12:00:00,14.934676,3.159981,72,Parque D.Pedro II,2018-09-18 09:00:00-03:00
2018-09-18 13:00:00,14.934676,3.1600285,72,Parque D.Pedro II,2018-09-18 10:00:00-03:00
2018-09-18 14:00:00,14.934676,3.1600285,72,Parque D.Pedro II,2018-09-18 11:00:00-03:00
2018-09-18 15:00:00,14.934676,3.1600285,72,Parque D.Pedro II,2018-09-18 12:00:00-03:00
2018-09-18 16:00:00,14.934676,3.1600285,72,Parque D.Pedro II,2018-09-18 13:00:00-03:00
2018-09-18 17:00:00,14.934676,3.1600285,72,Parque D.Pedro II,2018-09-18 14:00:00-03:00
2018-09-18 18:00:00,14.934676,3.1600285,72,Parque D.Pedro II,2018-09-18 15:00:00-03:00
2018-09-18 19:00:00,14.934676,3.1600285,72,Parque D.Pedro II,2018-09-18 16:00:00-03:00
2018-09-18 20:00:00,14.934676,3.1600285,72,Parque D.Pedro II,2018-09-18 17:00:00-03:00
2018-09-18 21:00:00,14.934676,3.1600285,72,Parque D.Pedro II,2018-09-18 18:00:00-03:00
2018-09-18 22:00:00,14.934676,3.1600285,72,Parque D.Pedro II,2018-09-18 19:00:00-03:00
2018-09-18 23:00:00,14.934676,3.1600285,72,Parque D.Pedro II,2018-09-18 20:00:00-03:00
2018-09-19 00:00:00,14.934676,3.1600285,72,Parque D.Pedro II,2018-09-18 21:00:00-03:00
2018-09-19 01:00:00,14.934676,3.1600285,72,Parque D.Pedro II,2018-09-18 22:00:00-03:00
2018-09-19 02:00:00,14.934676,3.1600285,72,Parque D.Pedro II,2018-09-18 23:00:00-03:00
2018-09-19 03:00:00,14.934676,3.1600285,72,Parque D.Pedro II,2018-09-19 00:00:00-03:00
2018-09-19 04:00:00,14.934676,3.1600285,72,Parque D.Pedro II,2018-09-19 01:00:00-03:00
2018-09-19 05:00:00,14.934676,3.1600285,72,Parque D.Pedro II,2018-09-19 02:00:00-03:00
2018-09-19 06:00:00,14.934676,3.1600285,72,Parque D.Pedro II,2018-09-19 03:00:00-03:00
2018-09-19 07:00:00,14.934676,3.1600285,72,Parque D.Pedro II,2018-09-19 04:00:00-03:00
2018-09-19 08:00:00,14.934676,3.1600285,72,Parque D.Pedro II,2018-09-19 05:00:00-03:00
2018-09-19 09:00:00,14.934676,3.1600285,72,Parque D.Pedro II,2018-09-19 06:00:00-03:00
2018-09-19 10:00:00,14.934676,3.1600285,72,Parque D.Pedro II,2018-09-19 07:00:00-03:00
2018-09-19 11:00:00,14.934676,3.1600285,72,Parque D.Pedro II,2018-09-19 08:00:00-03:00
2018-09-19 12:00:00,14.934676,3.1600285,72,Parque D.Pedro II,2018-09-19 09:00:00-03:00
2018-09-19 13:00:00,14.934676,3.1600285,72,Parque D.Pedro II,2018-09-19 10:00:00-03:00
2018-09-19 14:00:00,14.934676,3.1600285,72,Parque D.Pedro II,2018-09-19 11:00:00-03:00
2018-09-19 15:00:00,14.934676,3.1600285,72,Parque D.Pedro II,2018-09-19 12:00:00-03:00
2018-09-19 16:00:00,16.29841,3.1600287,72,Parque D.Pedro II,2018-09-19 13:00:00-03:00
2018-09-19 17:00:00,20.588734,3.2194536,72,Parque D.Pedro II,2018-09-19 14:00:00-03:00
2018-09-19 18:00:00,21.494587,3.2195234,72,Parque D.Pedro II,2018-09-19 15:00:00-03:00
2018-09-19 19:00:00,22.928698,3.2203796,72,Parque D.Pedro II,2018-09-19 16:00:00-03:00
2018-09-19 20:00:00,22.928698,3.2203796,72,Parque D.Pedro II,2018-09-19 17:00:00-03:00
2018-09-19 21:00:00,22.928698,3.2203796,72,Parque D.Pedro II,2018-09-19 18:00:00-03:00
2018-09-19 22:00:00,22.928698,3.2203796,72,Parque D.Pedro II,2018-09-19 19:00:00-03:00
2018-09-19 23:00:00,22.928698,3.2203796,72,Parque D.Pedro II,2018-09-19 20:00:00-03:00
2018-09-20 00:00:00,22.928698,3.2203796,72,Parque D.Pedro II,2018-09-19 21:00:00-03:00
2018-09-20 01:00:00,22.928698,3.2203796,72,Parque D.Pedro II,2018-09-19 22:00:00-03:00
2018-09-20 02:00:00,22.928698,3.2203796,72,Parque D.Pedro II,2018-09-19 23:00:00-03:00
2018-09-20 03:00:00,22.928698,3.2203796,72,Parque D.Pedro II,2018-09-20 00:00:00-03:00
2018-09-20 04:00:00,22.928698,3.2203796,72,Parque D.Pedro II,2018-09-20 01:00:00-03:00
2018-09-20 05:00:00,22.928698,3.2203796,72,Parque D.Pedro II,2018-09-20 02:00:00-03:00
2018-09-20 06:00:00,22.928698,3.2203796,72,Parque D.Pedro II,2018-09-20 03:00:00-03:00
2018-09-20 07:00:00,22.928698,3.2203796,72,Parque D.Pedro II,2018-09-20 04:00:00-03:00
2018-09-20 08:00:00,22.928698,3.2203796,72,Parque D.Pedro II,2018-09-20 05:00:00-03:00
2018-09-20 09:00:00,22.928698,3.2203796,72,Parque D.Pedro II,2018-09-20 06:00:00-03:00
2018-09-20 10:00:00,22.928698,3.2203796,72,Parque D.Pedro II,2018-09-20 07:00:00-03:00
2018-09-20 11:00:00,22.928698,3.2203796,72,Parque D.Pedro II,2018-09-20 08:00:00-03:00
2018-09-20 12:00:00,22.928698,3.2203796,72,Parque D.Pedro II,2018-09-20 09:00:00-03:00
2018-09-20 13:00:00,22.928698,3.2203796,72,Parque D.Pedro II,2018-09-20 10:00:00-03:00
2018-09-20 14:00:00,22.928698,3.2203796,72,Parque D.Pedro II,2018-09-20 11:00:00-03:00
2018-09-20 15:00:00,24.842443,3.2205822,72,Parque D.Pedro II,2018-09-20 12:00:00-03:00
2018-09-20 16:00:00,26.45045,3.2206948,72,Parque D.Pedro II,2018-09-20 13:00:00-03:00
2018-09-20 17:00:00,29.818241,3.2485268,72,Parque D.Pedro II,2018-09-20 14:00:00-03:00
2018-09-20 18:00:00,35.688026,5.7077756,72,Parque D.Pedro II,2018-09-20 15:00:00-03:00
2018-09-20 19:00:00,38.02701,8.814364,72,Parque D.Pedro II,2018-09-20 16:00:00-03:00
2018-09-20 20:00:00,38.02701,8.815814,72,Parque D.Pedro II,2018-09-20 17:00:00-03:00
2018-09-20 21:00:00,38.02701,8.815814,72,Parque D.Pedro II,2018-09-20 18:00:00-03:00
2018-09-20 22:00:00,38.02701,8.815814,72,Parque D.Pedro II,2018-09-20 19:00:00-03:00
2018-09-20 23:00:00,38.02701,8.815814,72,Parque D.Pedro II,2018-09-20 20:00:00-03:00
2018-09-21 00:00:00,5.9582205,2.09933,72,Parque D.Pedro II,2018-09-20 21:00:00-03:00
2018-09-21 01:00:00,5.9582205,2.09933,72,Parque D.Pedro II,2018-09-20 22:00:00-03:00
2018-09-21 02:00:00,6.5739293,2.102625,72,Parque D.Pedro II,2018-09-20 23:00:00-03:00
2018-09-21 03:00:00,6.6855087,2.114195,72,Parque D.Pedro II,2018-09-21 00:00:00-03:00
2018-09-21 04:00:00,7.6148825,2.7203696,72,Parque D.Pedro II,2018-09-21 01:00:00-03:00
2018-09-21 05:00:00,9.112789,3.9255552,72,Parque D.Pedro II,2018-09-21 02:00:00-03:00
2018-09-21 06:00:00,9.120768,4.5598903,72,Parque D.Pedro II,2018-09-21 03:00:00-03:00
2018-09-21 07:00:00,9.120768,4.6093583,72,Parque D.Pedro II,2018-09-21 04:00:00-03:00
2018-09-21 08:00:00,9.120768,4.798125,72,Parque D.Pedro II,2018-09-21 05:00:00-03:00
2018-09-21 09:00:00,9.120768,4.8199654,72,Parque D.Pedro II,2018-09-21 06:00:00-03:00
2018-09-21 10:00:00,9.159029,5.0593467,72,Parque D.Pedro II,2018-09-21 07:00:00-03:00
2018-09-21 11:00:00,9.168295,5.166389,72,Parque D.Pedro II,2018-09-21 08:00:00-03:00
2018-09-21 12:00:00,9.168295,5.1681457,72,Parque D.Pedro II,2018-09-21 09:00:00-03:00
2018-09-21 13:00:00,9.168295,5.1681457,72,Parque D.Pedro II,2018-09-21 10:00:00-03:00
2018-09-21 14:00:00,9.171123,5.1686974,72,Parque D.Pedro II,2018-09-21 11:00:00-03:00
2018-09-21 15:00:00,9.171123,5.168888,72,Parque D.Pedro II,2018-09-21 12:00:00-03:00
2018-09-21 16:00:00,9.171123,5.1692038,72,Parque D.Pedro II,2018-09-21 13:00:00-03:00
2018-09-21 17:00:00,9.171123,5.1692038,72,Parque D.Pedro II,2018-09-21 14:00:00-03:00
2018-09-21 18:00:00,9.171123,5.1692038,72,Parque D.Pedro II,2018-09-21 15:00:00-03:00
2018-09-21 19:00:00,9.171123,5.1692038,72,Parque D.Pedro II,2018-09-21 16:00:00-03:00
2018-09-21 20:00:00,9.171123,5.1692038,72,Parque D.Pedro II,2018-09-21 17:00:00-03:00
2018-09-21 21:00:00,9.171123,5.1692038,72,Parque D.Pedro II,2018-09-21 18:00:00-03:00
2018-09-21 22:00:00,9.171123,5.170064,72,Parque D.Pedro II,2018-09-21 19:00:00-03:00
2018-09-21 23:00:00,9.171123,5.170064,72,Parque D.Pedro II,2018-09-21 20:00:00-03:00
2018-09-22 00:00:00,9.171123,5.170064,72,Parque D.Pedro II,2018-09-21 21:00:00-03:00
2018-09-22 01:00:00,9.171123,5.170064,72,Parque D.Pedro II,2018-09-21 22:00:00-03:00
2018-09-22 02:00:00,9.171123,5.170064,72,Parque D.Pedro II,2018-09-21 23:00:00-03:00
2018-09-22 03:00:00,9.171123,5.170064,72,Parque D.Pedro II,2018-09-22 00:00:00-03:00
2018-09-22 04:00:00,9.171123,5.170064,72,Parque D.Pedro II,2018-09-22 01:00:00-03:00
2018-09-22 05:00:00,9.171123,5.170064,72,Parque D.Pedro II,2018-09-22 02:00:00-03:00
2018-09-22 06:00:00,9.171123,5.170064,72,Parque D.Pedro II,2018-09-22 03:00:00-03:00
2018-09-22 07:00:00,9.171123,5.1701126,72,Parque D.Pedro II,2018-09-22 04:00:00-03:00
2018-09-22 08:00:00,9.171123,5.1701984,72,Parque D.Pedro II,2018-09-22 05:00:00-03:00
2018-09-22 09:00:00,9.171123,5.1701984,72,Parque D.Pedro II,2018-09-22 06:00:00-03:00
2018-09-22 10:00:00,9.171123,5.1701984,72,Parque D.Pedro II,2018-09-22 07:00:00-03:00
2018-09-22 11:00:00,9.171123,5.1701984,72,Parque D.Pedro II,2018-09-22 08:00:00-03:00
2018-09-22 12:00:00,9.171123,5.1701984,72,Parque D.Pedro II,2018-09-22 09:00:00-03:00
2018-09-22 13:00:00,9.171123,5.1701984,72,Parque D.Pedro II,2018-09-22 10:00:00-03:00
2018-09-22 14:00:00,9.171123,5.1701984,72,Parque D.Pedro II,2018-09-22 11:00:00-03:00
2018-09-22 15:00:00,9.171123,5.1701984,72,Parque D.Pedro II,2018-09-22 12:00:00-03:00
2018-09-22 16:00:00,9.171123,5.1701984,72,Parque D.Pedro II,2018-09-22 13:00:00-03:00
2018-09-22 17:00:00,9.171123,5.1701984,72,Parque D.Pedro II,2018-09-22 14:00:00-03:00
2018-09-22 18:00:00,9.171123,5.1701984,72,Parque D.Pedro II,2018-09-22 15:00:00-03:00
2018-09-22 19:00:00,9.171123,5.1701984,72,Parque D.Pedro II,2018-09-22 16:00:00-03:00
2018-09-22 20:00:00,9.171123,5.1701984,72,Parque D.Pedro II,2018-09-22 17:00:00-03:00
2018-09-22 21:00:00,9.171123,5.1701984,72,Parque D.Pedro II,2018-09-22 18:00:00-03:00
2018-09-22 22:00:00,9.171123,5.1701984,72,Parque D.Pedro II,2018-09-22 19:00:00-03:00
2018-09-22 23:00:00,9.171123,5.1701984,72,Parque D.Pedro II,2018-09-22 20:00:00-03:00
2018-09-23 00:00:00,9.171123,5.1701984,72,Parque D.Pedro II,2018-09-22 21:00:00-03:00
2018-09-23 01:00:00,9.171123,5.1701984,72,Parque D.Pedro II,2018-09-22 22:00:00-03:00
2018-09-23 02:00:00,9.171123,5.1701984,72,Parque D.Pedro II,2018-09-22 23:00:00-03:00
2018-09-23 03:00:00,9.171123,5.1701984,72,Parque D.Pedro II,2018-09-23 00:00:00-03:00
2018-09-23 04:00:00,9.171123,5.1701984,72,Parque D.Pedro II,2018-09-23 01:00:00-03:00
2018-09-23 05:00:00,9.171123,5.1701984,72,Parque D.Pedro II,2018-09-23 02:00:00-03:00
2018-09-23 06:00:00,9.171123,5.1701984,72,Parque D.Pedro II,2018-09-23 03:00:00-03:00
2018-09-23 07:00:00,9.171123,5.1701984,72,Parque D.Pedro II,2018-09-23 04:00:00-03:00
2018-09-23 08:00:00,9.171123,5.1701984,72,Parque D.Pedro II,2018-09-23 05:00:00-03:00
2018-09-23 09:00:00,9.171123,5.1701984,72,Parque D.Pedro II,2018-09-23 06:00:00-03:00
2018-09-23 10:00:00,9.171123,5.1701984,72,Parque D.Pedro II,2018-09-23 07:00:00-03:00
2018-09-23 11:00:00,9.171123,5.1701984,72,Parque D.Pedro II,2018-09-23 08:00:00-03:00
2018-09-23 12:00:00,9.171123,5.1701984,72,Parque D.Pedro II,2018-09-23 09:00:00-03:00
2018-09-23 13:00:00,9.171123,5.1701984,72,Parque D.Pedro II,2018-09-23 10:00:00-03:00
2018-09-23 14:00:00,9.171123,5.1701984,72,Parque D.Pedro II,2018-09-23 11:00:00-03:00
2018-09-23 15:00:00,9.171123,5.1701984,72,Parque D.Pedro II,2018-09-23 12:00:00-03:00
2018-09-23 16:00:00,9.171123,5.1701984,72,Parque D.Pedro II,2018-09-23 13:00:00-03:00
2018-09-23 17:00:00,9.171123,5.1701984,72,Parque D.Pedro II,2018-09-23 14:00:00-03:00
2018-09-23 18:00:00,9.171123,5.1701984,72,Parque D.Pedro II,2018-09-23 15:00:00-03:00
2018-09-23 19:00:00,9.171123,5.1701984,72,Parque D.Pedro II,2018-09-23 16:00:00-03:00
2018-09-23 20:00:00,9.171123,5.1701984,72,Parque D.Pedro II,2018-09-23 17:00:00-03:00
2018-09-23 21:00:00,9.171123,5.1701984,72,Parque D.Pedro II,2018-09-23 18:00:00-03:00
2018-09-23 22:00:00,9.171123,5.1701984,72,Parque D.Pedro II,2018-09-23 19:00:00-03:00
2018-09-23 23:00:00,9.171123,5.1701984,72,Parque D.Pedro II,2018-09-23 20:00:00-03:00
2018-09-24 00:00:00,9.171123,5.1701984,72,Parque D.Pedro II,2018-09-23 21:00:00-03:00
2018-09-24 01:00:00,9.171123,5.1701984,72,Parque D.Pedro II,2018-09-23 22:00:00-03:00
2018-09-24 02:00:00,9.171123,5.1701984,72,Parque D.Pedro II,2018-09-23 23:00:00-03:00
2018-09-24 03:00:00,9.171123,5.1701984,72,Parque D.Pedro II,2018-09-24 00:00:00-03:00
2018-09-24 04:00:00,9.171123,5.1701984,72,Parque D.Pedro II,2018-09-24 01:00:00-03:00
2018-09-24 05:00:00,9.171123,5.1701984,72,Parque D.Pedro II,2018-09-24 02:00:00-03:00
2018-09-24 06:00:00,9.171123,5.1701984,72,Parque D.Pedro II,2018-09-24 03:00:00-03:00
2018-09-24 07:00:00,9.171123,5.1701984,72,Parque D.Pedro II,2018-09-24 04:00:00-03:00
2018-09-24 08:00:00,9.171123,5.1701984,72,Parque D.Pedro II,2018-09-24 05:00:00-03:00
2018-09-24 09:00:00,9.171123,5.1701984,72,Parque D.Pedro II,2018-09-24 06:00:00-03:00
2018-09-24 10:00:00,9.171123,5.1701984,72,Parque D.Pedro II,2018-09-24 07:00:00-03:00
2018-09-24 11:00:00,9.171123,5.1701984,72,Parque D.Pedro II,2018-09-24 08:00:00-03:00
2018-09-24 12:00:00,9.171123,5.1701984,72,Parque D.Pedro II,2018-09-24 09:00:00-03:00
2018-09-24 13:00:00,9.171123,5.1701984,72,Parque D.Pedro II,2018-09-24 10:00:00-03:00
2018-09-24 14:00:00,9.171123,5.1701984,72,Parque D.Pedro II,2018-09-24 11:00:00-03:00
2018-09-24 15:00:00,9.171123,5.1701984,72,Parque D.Pedro II,2018-09-24 12:00:00-03:00
2018-09-24 16:00:00,9.171123,5.1701984,72,Parque D.Pedro II,2018-09-24 13:00:00-03:00
2018-09-24 17:00:00,9.171123,5.1701984,72,Parque D.Pedro II,2018-09-24 14:00:00-03:00
2018-09-24 18:00:00,9.171123,5.1701984,72,Parque D.Pedro II,2018-09-24 15:00:00-03:00
2018-09-24 19:00:00,9.171123,5.1701984,72,Parque D.Pedro II,2018-09-24 16:00:00-03:00
2018-09-24 20:00:00,9.171123,5.1701984,72,Parque D.Pedro II,2018-09-24 17:00:00-03:00
2018-09-24 21:00:00,9.171123,5.1701984,72,Parque D.Pedro II,2018-09-24 18:00:00-03:00
2018-09-24 22:00:00,9.171123,5.1701984,72,Parque D.Pedro II,2018-09-24 19:00:00-03:00
2018-09-24 23:00:00,9.171123,5.1701984,72,Parque D.Pedro II,2018-09-24 20:00:00-03:00
2018-09-25 00:00:00,9.171123,5.1701984,72,Parque D.Pedro II,2018-09-24 21:00:00-03:00
2018-09-25 01:00:00,9.171123,5.1701984,72,Parque D.Pedro II,2018-09-24 22:00:00-03:00
2018-09-25 02:00:00,9.171123,5.1701984,72,Parque D.Pedro II,2018-09-24 23:00:00-03:00
2018-09-25 03:00:00,9.171123,5.1701984,72,Parque D.Pedro II,2018-09-25 00:00:00-03:00
2018-09-25 04:00:00,9.171123,5.1701984,72,Parque D.Pedro II,2018-09-25 01:00:00-03:00
2018-09-25 05:00:00,9.171123,5.1701984,72,Parque D.Pedro II,2018-09-25 02:00:00-03:00
2018-09-25 06:00:00,9.171123,5.1701984,72,Parque D.Pedro II,2018-09-25 03:00:00-03:00
2018-09-25 07:00:00,9.171123,5.1701984,72,Parque D.Pedro II,2018-09-25 04:00:00-03:00
2018-09-25 08:00:00,9.171123,5.1701984,72,Parque D.Pedro II,2018-09-25 05:00:00-03:00
2018-09-25 09:00:00,9.171123,5.1701984,72,Parque D.Pedro II,2018-09-25 06:00:00-03:00
2018-09-25 10:00:00,9.171123,5.1701984,72,Parque D.Pedro II,2018-09-25 07:00:00-03:00
2018-09-25 11:00:00,9.171123,5.1701984,72,Parque D.Pedro II,2018-09-25 08:00:00-03:00
2018-09-25 12:00:00,9.171123,5.1701984,72,Parque D.Pedro II,2018-09-25 09:00:00-03:00
2018-09-25 13:00:00,9.171123,5.1701984,72,Parque D.Pedro II,2018-09-25 10:00:00-03:00
2018-09-25 14:00:00,9.171123,5.1701984,72,Parque D.Pedro II,2018-09-25 11:00:00-03:00
2018-09-25 15:00:00,9.171123,5.1701984,72,Parque D.Pedro II,2018-09-25 12:00:00-03:00
2018-09-25 16:00:00,9.171123,5.1701984,72,Parque D.Pedro II,2018-09-25 13:00:00-03:00
2018-09-25 17:00:00,9.171123,5.1701984,72,Parque D.Pedro II,2018-09-25 14:00:00-03:00
2018-09-25 18:00:00,9.171123,5.1701984,72,Parque D.Pedro II,2018-09-25 15:00:00-03:00
2018-09-25 19:00:00,9.171123,5.1701984,72,Parque D.Pedro II,2018-09-25 16:00:00-03:00
2018-09-25 20:00:00,9.171123,5.1701984,72,Parque D.Pedro II,2018-09-25 17:00:00-03:00
2018-09-25 21:00:00,9.171123,5.1701984,72,Parque D.Pedro II,2018-09-25 18:00:00-03:00
2018-09-25 22:00:00,9.171123,5.1701984,72,Parque D.Pedro II,2018-09-25 19:00:00-03:00
2018-09-25 23:00:00,9.171123,5.1701984,72,Parque D.Pedro II,2018-09-25 20:00:00-03:00
2018-09-26 00:00:00,0.0,0.021851072,72,Parque D.Pedro II,2018-09-25 21:00:00-03:00
2018-09-26 01:00:00,0.0,0.021851072,72,Parque D.Pedro II,2018-09-25 22:00:00-03:00
2018-09-26 02:00:00,0.0,0.021851072,72,Parque D.Pedro II,2018-09-25 23:00:00-03:00
2018-09-26 03:00:00,0.0,0.021851072,72,Parque D.Pedro II,2018-09-26 00:00:00-03:00
2018-09-26 04:00:00,0.0,0.021851072,72,Parque D.Pedro II,2018-09-26 01:00:00-03:00
2018-09-26 05:00:00,0.0,0.021851072,72,Parque D.Pedro II,2018-09-26 02:00:00-03:00
2018-09-26 06:00:00,0.0,0.021851072,72,Parque D.Pedro II,2018-09-26 03:00:00-03:00
2018-09-26 07:00:00,0.0,0.021851072,72,Parque D.Pedro II,2018-09-26 04:00:00-03:00
2018-09-26 08:00:00,0.0,0.021851072,72,Parque D.Pedro II,2018-09-26 05:00:00-03:00
2018-09-26 09:00:00,0.0,0.021851072,72,Parque D.Pedro II,2018-09-26 06:00:00-03:00
2018-09-26 10:00:00,0.0,0.021851072,72,Parque D.Pedro II,2018-09-26 07:00:00-03:00
2018-09-26 11:00:00,0.0,0.021851072,72,Parque D.Pedro II,2018-09-26 08:00:00-03:00
2018-09-26 12:00:00,0.0,0.021851072,72,Parque D.Pedro II,2018-09-26 09:00:00-03:00
2018-09-26 13:00:00,0.0,0.022125484,72,Parque D.Pedro II,2018-09-26 10:00:00-03:00
2018-09-26 14:00:00,0.0,0.022125484,72,Parque D.Pedro II,2018-09-26 11:00:00-03:00
2018-09-26 15:00:00,0.0,0.022125484,72,Parque D.Pedro II,2018-09-26 12:00:00-03:00
2018-09-26 16:00:00,0.0058514243,0.022125484,72,Parque D.Pedro II,2018-09-26 13:00:00-03:00
2018-09-26 17:00:00,1.9129753,0.022125484,72,Parque D.Pedro II,2018-09-26 14:00:00-03:00
2018-09-26 18:00:00,3.0244825,0.028343426,72,Parque D.Pedro II,2018-09-26 15:00:00-03:00
2018-09-26 19:00:00,3.0244825,0.028343426,72,Parque D.Pedro II,2018-09-26 16:00:00-03:00
2018-09-26 20:00:00,3.2610474,0.028469956,72,Parque D.Pedro II,2018-09-26 17:00:00-03:00
2018-09-26 21:00:00,3.7437751,0.035601508,72,Parque D.Pedro II,2018-09-26 18:00:00-03:00
2018-09-26 22:00:00,3.7437751,0.039781354,72,Parque D.Pedro II,2018-09-26 19:00:00-03:00
2018-09-26 23:00:00,3.7437751,0.04008327,72,Parque D.Pedro II,2018-09-26 20:00:00-03:00
2018-09-27 00:00:00,3.7437751,0.04008327,72,Parque D.Pedro II,2018-09-26 21:00:00-03:00
2018-09-27 01:00:00,3.7437751,0.04008327,72,Parque D.Pedro II,2018-09-26 22:00:00-03:00
2018-09-27 02:00:00,3.7437751,0.04008327,72,Parque D.Pedro II,2018-09-26 23:00:00-03:00
2018-09-27 03:00:00,7.615178,8.914861,72,Parque D.Pedro II,2018-09-27 00:00:00-03:00
2018-09-27 04:00:00,8.037769,10.716702,72,Parque D.Pedro II,2018-09-27 01:00:00-03:00
2018-09-27 05:00:00,8.037769,10.724297,72,Parque D.Pedro II,2018-09-27 02:00:00-03:00
2018-09-27 06:00:00,8.037769,10.724297,72,Parque D.Pedro II,2018-09-27 03:00:00-03:00
2018-09-27 07:00:00,8.037769,10.724297,72,Parque D.Pedro II,2018-09-27 04:00:00-03:00
2018-09-27 08:00:00,8.037769,10.724297,72,Parque D.Pedro II,2018-09-27 05:00:00-03:00
2018-09-27 09:00:00,8.037769,10.724297,72,Parque D.Pedro II,2018-09-27 06:00:00-03:00
2018-09-27 10:00:00,8.037769,10.724297,72,Parque D.Pedro II,2018-09-27 07:00:00-03:00
2018-09-27 11:00:00,8.037769,10.724297,72,Parque D.Pedro II,2018-09-27 08:00:00-03:00
2018-09-27 12:00:00,8.037769,10.724297,72,Parque D.Pedro II,2018-09-27 09:00:00-03:00
2018-09-27 13:00:00,8.037769,10.724297,72,Parque D.Pedro II,2018-09-27 10:00:00-03:00
2018-09-27 14:00:00,8.037769,10.724297,72,Parque D.Pedro II,2018-09-27 11:00:00-03:00
2018-09-27 15:00:00,8.037769,10.724297,72,Parque D.Pedro II,2018-09-27 12:00:00-03:00
2018-09-27 16:00:00,8.568815,10.724297,72,Parque D.Pedro II,2018-09-27 13:00:00-03:00
2018-09-27 17:00:00,13.157108,10.733767,72,Parque D.Pedro II,2018-09-27 14:00:00-03:00
2018-09-27 18:00:00,13.718375,10.771153,72,Parque D.Pedro II,2018-09-27 15:00:00-03:00
2018-09-27 19:00:00,16.284342,10.797874,72,Parque D.Pedro II,2018-09-27 16:00:00-03:00
2018-09-27 20:00:00,16.56082,10.830677,72,Parque D.Pedro II,2018-09-27 17:00:00-03:00
2018-09-27 21:00:00,16.56082,10.830927,72,Parque D.Pedro II,2018-09-27 18:00:00-03:00
2018-09-27 22:00:00,16.56082,10.830927,72,Parque D.Pedro II,2018-09-27 19:00:00-03:00
2018-09-27 23:00:00,16.56082,10.831046,72,Parque D.Pedro II,2018-09-27 20:00:00-03:00
2018-09-28 00:00:00,16.56082,10.831046,72,Parque D.Pedro II,2018-09-27 21:00:00-03:00
2018-09-28 01:00:00,16.56082,10.832499,72,Parque D.Pedro II,2018-09-27 22:00:00-03:00
2018-09-28 02:00:00,17.102272,10.911329,72,Parque D.Pedro II,2018-09-27 23:00:00-03:00
2018-09-28 03:00:00,20.544788,11.797797,72,Parque D.Pedro II,2018-09-28 00:00:00-03:00
2018-09-28 04:00:00,22.254725,14.489734,72,Parque D.Pedro II,2018-09-28 01:00:00-03:00
2018-09-28 05:00:00,22.254725,14.495522,72,Parque D.Pedro II,2018-09-28 02:00:00-03:00
2018-09-28 06:00:00,22.689745,14.902905,72,Parque D.Pedro II,2018-09-28 03:00:00-03:00
2018-09-28 07:00:00,25.353241,21.083696,72,Parque D.Pedro II,2018-09-28 04:00:00-03:00
2018-09-28 08:00:00,25.775421,22.895334,72,Parque D.Pedro II,2018-09-28 05:00:00-03:00
2018-09-28 09:00:00,25.783285,23.464203,72,Parque D.Pedro II,2018-09-28 06:00:00-03:00
2018-09-28 10:00:00,25.783285,23.472912,72,Parque D.Pedro II,2018-09-28 07:00:00-03:00
2018-09-28 11:00:00,25.783285,23.492165,72,Parque D.Pedro II,2018-09-28 08:00:00-03:00
2018-09-28 12:00:00,25.783285,23.509771,72,Parque D.Pedro II,2018-09-28 09:00:00-03:00
2018-09-28 13:00:00,25.783285,23.510593,72,Parque D.Pedro II,2018-09-28 10:00:00-03:00
2018-09-28 14:00:00,26.527897,23.53086,72,Parque D.Pedro II,2018-09-28 11:00:00-03:00
2018-09-28 15:00:00,26.763824,23.5346,72,Parque D.Pedro II,2018-09-28 12:00:00-03:00
2018-09-28 16:00:00,26.912945,23.5346,72,Parque D.Pedro II,2018-09-28 13:00:00-03:00
2018-09-28 17:00:00,26.912945,23.5346,72,Parque D.Pedro II,2018-09-28 14:00:00-03:00
2018-09-28 18:00:00,26.912945,23.5346,72,Parque D.Pedro II,2018-09-28 15:00:00-03:00
2018-09-28 19:00:00,26.912945,23.5346,72,Parque D.Pedro II,2018-09-28 16:00:00-03:00
2018-09-28 20:00:00,26.912945,23.5346,72,Parque D.Pedro II,2018-09-28 17:00:00-03:00
2018-09-28 21:00:00,26.912945,23.534666,72,Parque D.Pedro II,2018-09-28 18:00:00-03:00
2018-09-28 22:00:00,26.912945,23.53467,72,Parque D.Pedro II,2018-09-28 19:00:00-03:00
2018-09-28 23:00:00,26.912945,23.536793,72,Parque D.Pedro II,2018-09-28 20:00:00-03:00
2018-09-29 00:00:00,26.912945,23.538996,72,Parque D.Pedro II,2018-09-28 21:00:00-03:00
2018-09-29 01:00:00,26.912945,23.540247,72,Parque D.Pedro II,2018-09-28 22:00:00-03:00
2018-09-29 02:00:00,26.912945,23.547363,72,Parque D.Pedro II,2018-09-28 23:00:00-03:00
2018-09-29 03:00:00,26.912945,23.547363,72,Parque D.Pedro II,2018-09-29 00:00:00-03:00
2018-09-29 04:00:00,26.912945,23.555153,72,Parque D.Pedro II,2018-09-29 01:00:00-03:00
2018-09-29 05:00:00,26.912945,23.55552,72,Parque D.Pedro II,2018-09-29 02:00:00-03:00
2018-09-29 06:00:00,26.912945,23.55552,72,Parque D.Pedro II,2018-09-29 03:00:00-03:00
2018-09-29 07:00:00,26.912945,23.55552,72,Parque D.Pedro II,2018-09-29 04:00:00-03:00
2018-09-29 08:00:00,26.912945,23.55552,72,Parque D.Pedro II,2018-09-29 05:00:00-03:00
2018-09-29 09:00:00,26.912945,23.55552,72,Parque D.Pedro II,2018-09-29 06:00:00-03:00
2018-09-29 10:00:00,26.912945,23.559076,72,Parque D.Pedro II,2018-09-29 07:00:00-03:00
2018-09-29 11:00:00,26.912945,23.561138,72,Parque D.Pedro II,2018-09-29 08:00:00-03:00
2018-09-29 12:00:00,26.912945,23.561138,72,Parque D.Pedro II,2018-09-29 09:00:00-03:00
2018-09-29 13:00:00,26.912945,23.561138,72,Parque D.Pedro II,2018-09-29 10:00:00-03:00
2018-09-29 14:00:00,26.912945,23.561138,72,Parque D.Pedro II,2018-09-29 11:00:00-03:00
2018-09-29 15:00:00,26.912945,23.561138,72,Parque D.Pedro II,2018-09-29 12:00:00-03:00
2018-09-29 16:00:00,26.912945,23.562565,72,Parque D.Pedro II,2018-09-29 13:00:00-03:00
2018-09-29 17:00:00,28.470968,23.58561,72,Parque D.Pedro II,2018-09-29 14:00:00-03:00
2018-09-29 18:00:00,28.48839,23.59901,72,Parque D.Pedro II,2018-09-29 15:00:00-03:00
2018-09-29 19:00:00,29.205736,23.90071,72,Parque D.Pedro II,2018-09-29 16:00:00-03:00
2018-09-29 20:00:00,29.630064,24.566448,72,Parque D.Pedro II,2018-09-29 17:00:00-03:00
2018-09-29 21:00:00,29.630064,24.614489,72,Parque D.Pedro II,2018-09-29 18:00:00-03:00
2018-09-29 22:00:00,29.630064,24.615864,72,Parque D.Pedro II,2018-09-29 19:00:00-03:00
2018-09-29 23:00:00,29.630064,24.616747,72,Parque D.Pedro II,2018-09-29 20:00:00-03:00
2018-09-30 00:00:00,29.630064,24.618265,72,Parque D.Pedro II,2018-09-29 21:00:00-03:00
2018-09-30 01:00:00,29.630064,24.618538,72,Parque D.Pedro II,2018-09-29 22:00:00-03:00
2018-09-30 02:00:00,29.630064,24.618538,72,Parque D.Pedro II,2018-09-29 23:00:00-03:00
2018-09-30 03:00:00,29.630064,24.618538,72,Parque D.Pedro II,2018-09-30 00:00:00-03:00
2018-09-30 04:00:00,29.630064,24.618538,72,Parque D.Pedro II,2018-09-30 01:00:00-03:00
2018-09-30 05:00:00,29.630064,24.618538,72,Parque D.Pedro II,2018-09-30 02:00:00-03:00
2018-09-30 06:00:00,29.630064,24.618538,72,Parque D.Pedro II,2018-09-30 03:00:00-03:00
2018-09-30 07:00:00,29.630064,24.618538,72,Parque D.Pedro II,2018-09-30 04:00:00-03:00
2018-09-30 08:00:00,29.630064,24.618538,72,Parque D.Pedro II,2018-09-30 05:00:00-03:00
2018-09-30 09:00:00,29.632208,24.618538,72,Parque D.Pedro II,2018-09-30 06:00:00-03:00
2018-09-30 10:00:00,30.455908,24.621775,72,Parque D.Pedro II,2018-09-30 07:00:00-03:00
2018-09-30 11:00:00,31.8493,24.651781,72,Parque D.Pedro II,2018-09-30 08:00:00-03:00
2018-09-30 12:00:00,32.071194,24.671446,72,Parque D.Pedro II,2018-09-30 09:00:00-03:00
2018-09-30 13:00:00,32.399265,24.671673,72,Parque D.Pedro II,2018-09-30 10:00:00-03:00
2018-09-30 14:00:00,32.804516,24.671793,72,Parque D.Pedro II,2018-09-30 11:00:00-03:00
2018-09-30 15:00:00,35.063484,24.672306,72,Parque D.Pedro II,2018-09-30 12:00:00-03:00
2018-09-30 16:00:00,39.28672,24.85668,72,Parque D.Pedro II,2018-09-30 13:00:00-03:00
2018-09-30 17:00:00,39.83559,24.993166,72,Parque D.Pedro II,2018-09-30 14:00:00-03:00
2018-09-30 18:00:00,39.86754,24.993387,72,Parque D.Pedro II,2018-09-30 15:00:00-03:00
2018-09-30 19:00:00,41.321373,24.994444,72,Parque D.Pedro II,2018-09-30 16:00:00-03:00
2018-09-30 20:00:00,42.28272,25.108217,72,Parque D.Pedro II,2018-09-30 17:00:00-03:00
2018-09-30 21:00:00,42.41295,25.335743,72,Parque D.Pedro II,2018-09-30 18:00:00-03:00
2018-09-30 22:00:00,42.41295,25.34148,72,Parque D.Pedro II,2018-09-30 19:00:00-03:00
2018-09-30 23:00:00,42.41295,25.349913,72,Parque D.Pedro II,2018-09-30 20:00:00-03:00
2018-10-01 00:00:00,42.41295,25.350126,72,Parque D.Pedro II,2018-09-30 21:00:00-03:00
